Shortened_SampleID	SampleID	RSID	PSN	SN	NAP	ExperimentAccession	RunID	SRS_SampleID	Region	BarcodeSequence	LinkerPrimerSequence	Sex	HMPBodySubsiteHMPBodySite	VisitNo
SRS011271.SRX020659	SRS011271.SRX020659.V13	158802708	700015245		700015250	SRX020659	SRR045051	SRS011271	V13	TCAGCACGC	ATTACCGCGGCTGCTGG	male	Stool	Gastrointestinal_tract	1
SRS011271.SRX020661	SRS011271.SRX020661.V13	158802708	700015245		700015250	SRX020661	SRR044827	SRS011271	V13	TCAGCACGC	ATTACCGCGGCTGCTGG	male	Stool	Gastrointestinal_tract	1
SRS011405.SRX020659	SRS011405.SRX020659.V13	159247771	700015979		700015981	SRX020659	SRR046237	SRS011405	V13	TCAGCGCAAC	ATTACCGCGGCTGCTGG	female	Stool	Gastrointestinal_tract	1
SRS011405.SRX020661	SRS011405.SRX020661.V13	159247771	700015979		700015981	SRX020661	SRR044803	SRS011405	V13	TCAGCGCAAC	ATTACCGCGGCTGCTGG	female	Stool	Gastrointestinal_tract	1
SRS011452.SRX020659	SRS011452.SRX020659.V13	159146620	700016136		700016142	SRX020659	SRR047485	SRS011452	V13	TCAGACTTGC	ATTACCGCGGCTGCTGG	male	Stool	Gastrointestinal_tract	1
SRS011452.SRX020661	SRS011452.SRX020661.V13	159146620	700016136		700016142	SRX020661	SRR044798	SRS011452	V13	TCAGACTTGC	ATTACCGCGGCTGCTGG	male	Stool	Gastrointestinal_tract	1
SRS011529.SRX020659	SRS011529.SRX020659.V13	159166850	700016608		700016610	SRX020659	SRR044994	SRS011529	V13	TCAGTGAAGC	ATTACCGCGGCTGCTGG	male	Stool	Gastrointestinal_tract	1
SRS011529.SRX020661	SRS011529.SRX020661.V13	159166850	700016608		700016610	SRX020661	SRR044768	SRS011529	V13	TCAGTGAAGC	ATTACCGCGGCTGCTGG	male	Stool	Gastrointestinal_tract	1
SRS014271.SRX020511	SRS014271.SRX020511.V13	763536994	700021312		700021860	SRX020511	SRR045624	SRS014271	V13	TCAGAGTCCGTC	ATTACCGCGGCTGCTGG	male	Tongue_dorsum	Oral	1
SRS014271.SRX020543	SRS014271.SRX020543.V13	763536994	700021312		700021860	SRX020543	SRR045570	SRS014271	V13	TCAGTTCTCAAC	ATTACCGCGGCTGCTGG	male	Tongue_dorsum	Oral	1
SRS014287.SRX020511	SRS014287.SRX020511.V13	763536994	700021677		700021876	SRX020511	SRR045664	SRS014287	V13	TCAGAACGGAGTC	ATTACCGCGGCTGCTGG	male	Stool	Gastrointestinal_tract	1
SRS014287.SRX020543	SRS014287.SRX020543.V13	763536994	700021677		700021876	SRX020543	SRR045558	SRS014287	V13	TCAGCCTTCCGC	ATTACCGCGGCTGCTGG	male	Stool	Gastrointestinal_tract	1
SRS014613.SRX020546	SRS014613.SRX020546.V13	763840445	700023237		700023267	SRX020546	SRR047386	SRS014613	V13	TCAGTAATCTC	ATTACCGCGGCTGCTGG	female	Stool	Gastrointestinal_tract	1
SRS014613.SRX020555	SRS014613.SRX020555.V13	763840445	700023237		700023267	SRX020555	SRR045715	SRS014613	V13	TCAGTAATCTC	ATTACCGCGGCTGCTGG	female	Stool	Gastrointestinal_tract	1
SRS014629.SRX020546	SRS014629.SRX020546.V13	763840445	700023245		700023283	SRX020546	SRR047371	SRS014629	V13	TCAGCGTCGTC	ATTACCGCGGCTGCTGG	female	Posterior_fornix	Urogenital_tract	1
SRS014629.SRX020555	SRS014629.SRX020555.V13	763840445	700023245		700023283	SRX020555	SRR045687	SRS014629	V13	TCAGCGTCGTC	ATTACCGCGGCTGCTGG	female	Posterior_fornix	Urogenital_tract	1
SRS014923.SRX020546	SRS014923.SRX020546.V13	763860675	700023551		700023578	SRX020546	SRR043675	SRS014923	V13	TCAGAACAACTC	ATTACCGCGGCTGCTGG	male	Stool	Gastrointestinal_tract	1
SRS014923.SRX020555	SRS014923.SRX020555.V13	763860675	700023551		700023578	SRX020555	SRR045709	SRS014923	V13	TCAGAACAACTC	ATTACCGCGGCTGCTGG	male	Stool	Gastrointestinal_tract	1
SRS015133.SRX020546	SRS015133.SRX020546.V13	763901136	700023701		700023788	SRX020546	SRR043686	SRS015133	V13	TCAGAACACAAC	ATTACCGCGGCTGCTGG	female	Stool	Gastrointestinal_tract	1
SRS015133.SRX020555	SRS015133.SRX020555.V13	763901136	700023701		700023788	SRX020555	SRR045722	SRS015133	V13	TCAGAACACAAC	ATTACCGCGGCTGCTGG	female	Stool	Gastrointestinal_tract	1
SRS015190.SRX020554	SRS015190.SRX020554.V13	763759525	700023815		700023845	SRX020554	SRR043731	SRS015190	V13	TCAGTTCCTGC	ATTACCGCGGCTGCTGG	female	Stool	Gastrointestinal_tract	1
SRS015395.SRX020546	SRS015395.SRX020546.V13	764042746	700024027		700024050	SRX020546	SRR043652	SRS015395	V13	TCAGCCGTTCAC	ATTACCGCGGCTGCTGG	female	Tongue_dorsum	Oral	1
SRS015395.SRX020555	SRS015395.SRX020555.V13	764042746	700024027		700024050	SRX020555	SRR045675	SRS015395	V13	TCAGCCGTTCAC	ATTACCGCGGCTGCTGG	female	Tongue_dorsum	Oral	1
SRS015425.SRX020546	SRS015425.SRX020546.V13	764042746	700024042		700024080	SRX020546	SRR047385	SRS015425	V13	TCAGACCGGAAGC	ATTACCGCGGCTGCTGG	female	Posterior_fornix	Urogenital_tract	1
SRS015425.SRX020555	SRS015425.SRX020555.V13	764042746	700024042		700024080	SRX020555	SRR047559	SRS015425	V13	TCAGACCGGAAGC	ATTACCGCGGCTGCTGG	female	Posterior_fornix	Urogenital_tract	1
SRS015450.SRX020538	SRS015450.SRX020538.V13	764083206	700024085		700024105	SRX020538	SRR044669	SRS015450	V13	TCAGAGGCGGC	ATTACCGCGGCTGCTGG	male	Anterior_nares	Airways	1
SRS015450.SRX020545	SRS015450.SRX020545.V13	764083206	700024085		700024105	SRX020545	SRR044758	SRS015450	V13	TCAGAGGCGGC	ATTACCGCGGCTGCTGG	male	Anterior_nares	Airways	1
SRS015450.SRX020553	SRS015450.SRX020553.V13	764083206	700024085		700024105	SRX020553	SRR044695	SRS015450	V13	TCAGAGGCGGC	ATTACCGCGGCTGCTGG	male	Anterior_nares	Airways	1
SRS015450.SRX020564	SRS015450.SRX020564.V13	764083206	700024085		700024105	SRX020564	SRR044732	SRS015450	V13	TCAGAGGCGGC	ATTACCGCGGCTGCTGG	male	Anterior_nares	Airways	1
SRS015470.SRX020538	SRS015470.SRX020538.V13	764083206	700024095		700024125	SRX020538	SRR044670	SRS015470	V13	TCAGAACCAGC	ATTACCGCGGCTGCTGG	male	Supragingival_plaque	Oral	1
SRS015470.SRX020545	SRS015470.SRX020545.V13	764083206	700024095		700024125	SRX020545	SRR044759	SRS015470	V13	TCAGAACCAGC	ATTACCGCGGCTGCTGG	male	Supragingival_plaque	Oral	1
SRS015470.SRX020553	SRS015470.SRX020553.V13	764083206	700024095		700024125	SRX020553	SRR044696	SRS015470	V13	TCAGAACCAGC	ATTACCGCGGCTGCTGG	male	Supragingival_plaque	Oral	1
SRS015470.SRX020564	SRS015470.SRX020564.V13	764083206	700024095		700024125	SRX020564	SRR047457	SRS015470	V13	TCAGAACCAGC	ATTACCGCGGCTGCTGG	male	Supragingival_plaque	Oral	1
SRS015574.SRX020577	SRS015574.SRX020577.V13	764285508	700024199		700024229	SRX020577	SRR044085	SRS015574	V13	TCAGAACGAGGC	ATTACCGCGGCTGCTGG	male	Supragingival_plaque	Oral	1
SRS015578.SRX020577	SRS015578.SRX020577.V13	764285508	700024201		700024233	SRX020577	SRR044021	SRS015578	V13	TCAGTCGAGGAAC	ATTACCGCGGCTGCTGG	male	Stool	Gastrointestinal_tract	1
SRS015663.SRX020539	SRS015663.SRX020539.V13	764487809	700024296		700024318	SRX020539	SRR044161	SRS015663	V13	TCAGAAGGCAC	ATTACCGCGGCTGCTGG	male	Stool	Gastrointestinal_tract	1
SRS015762.SRX020539	SRS015762.SRX020539.V13	764224817	700024398		700024417	SRX020539	SRR044131	SRS015762	V13	TCAGTGAAGC	ATTACCGCGGCTGCTGG	male	Tongue_dorsum	Oral	1
SRS015782.SRX020539	SRS015782.SRX020539.V13	764224817	700024408		700024437	SRX020539	SRR044139	SRS015782	V13	TCAGACTCAC	ATTACCGCGGCTGCTGG	male	Stool	Gastrointestinal_tract	1
SRS015854.SRX020554	SRS015854.SRX020554.V13	764002286	700024492		700024509	SRX020554	SRR043727	SRS015854	V13	TCAGCGGTCTTC	ATTACCGCGGCTGCTGG	male	Stool	Gastrointestinal_tract	2
SRS015921.SRX020510	SRS015921.SRX020510.V13	764305738	700024550		700024576	SRX020510	SRR044611	SRS015921	V13	TCAGTGGTGAAC	ATTACCGCGGCTGCTGG	male	Buccal_mucosa	Oral	1
SRS015921.SRX020520	SRS015921.SRX020520.V13	764305738	700024550		700024576	SRX020520	SRR044641	SRS015921	V13	TCAGTGGTGAAC	ATTACCGCGGCTGCTGG	male	Buccal_mucosa	Oral	1
SRS015960.SRX020577	SRS015960.SRX020577.V13	764325968	700024593		700024615	SRX020577	SRR044087	SRS015960	V13	TCAGACGTTCCAC	ATTACCGCGGCTGCTGG	male	Stool	Gastrointestinal_tract	1
SRS016002.SRX020539	SRS016002.SRX020539.V13	764447348	700024638		700024657	SRX020539	SRR044181	SRS016002	V13	TCAGTTCGTGGC	ATTACCGCGGCTGCTGG	male	Tongue_dorsum	Oral	1
SRS016018.SRX020539	SRS016018.SRX020539.V13	764447348	700024646		700024673	SRX020539	SRR044156	SRS016018	V13	TCAGTTGACAAC	ATTACCGCGGCTGCTGG	male	Stool	Gastrointestinal_tract	1
SRS016056.SRX020536	SRS016056.SRX020536.V13	764508039	700024689		700024711	SRX020536	SRR049357	SRS016056	V13	TCAGACCGTAATC	ATTACCGCGGCTGCTGG	male	Stool	Gastrointestinal_tract	1
SRS016095.SRX020516	SRS016095.SRX020516.V13	764588959	700024732		700024752	SRX020516	SRR044317	SRS016095	V13	TCAGATCTTAC	ATTACCGCGGCTGCTGG	female	Stool	Gastrointestinal_tract	1
SRS016111.SRX020516	SRS016111.SRX020516.V13	764588959	700024740		700024768	SRX020516	SRR044321	SRS016111	V13	TCAGTCTTGGC	ATTACCGCGGCTGCTGG	female	Posterior_fornix	Urogenital_tract	1
SRS016203.SRX020516	SRS016203.SRX020516.V13	764649650	700024846		700024866	SRX020516	SRR044343	SRS016203	V13	TCAGTCACAC	ATTACCGCGGCTGCTGG	female	Stool	Gastrointestinal_tract	1
SRS016225.SRX020516	SRS016225.SRX020516.V13	764649650	700024857		700024888	SRX020516	SRR047423	SRS016225	V13	TCAGCGACTC	ATTACCGCGGCTGCTGG	female	Tongue_dorsum	Oral	1
SRS016267.SRX020577	SRS016267.SRX020577.V13	764669880	700024908		700024930	SRX020577	SRR044054	SRS016267	V13	TCAGCGCAAC	ATTACCGCGGCTGCTGG	male	Stool	Gastrointestinal_tract	1
SRS016319.SRX020516	SRS016319.SRX020516.V13	765074482	700024958		700024982	SRX020516	SRR044356	SRS016319	V13	TCAGAACACAAC	ATTACCGCGGCTGCTGG	male	Tongue_dorsum	Oral	1
SRS016331.SRX020516	SRS016331.SRX020516.V13	765074482	700024964		700024994	SRX020516	SRR044302	SRS016331	V13	TCAGAAGAGTTC	ATTACCGCGGCTGCTGG	male	Supragingival_plaque	Oral	1
SRS016335.SRX020516	SRS016335.SRX020516.V13	765074482	700024966		700024998	SRX020516	SRR044344	SRS016335	V13	TCAGTCCAGAAC	ATTACCGCGGCTGCTGG	male	Stool	Gastrointestinal_tract	1
SRS011584.SRX020659	SRS011584.SRX020659.V13	159247771	700033042		700033044	SRX020659	SRR044996	SRS011584	V13	TCAGCGACTC	ATTACCGCGGCTGCTGG	female	Posterior_fornix	Urogenital_tract	1
SRS011584.SRX020661	SRS011584.SRX020661.V13	159247771	700033042		700033044	SRX020661	SRR047460	SRS011584	V13	TCAGCGACTC	ATTACCGCGGCTGCTGG	female	Posterior_fornix	Urogenital_tract	1
SRS011586.SRX020659	SRS011586.SRX020659.V13	159733294	700033130		700033153	SRX020659	SRR045050	SRS011586	V13	TCAGACGCGC	ATTACCGCGGCTGCTGG	female	Stool	Gastrointestinal_tract	1
SRS011586.SRX020661	SRS011586.SRX020661.V13	159733294	700033130		700033153	SRX020661	SRR044826	SRS011586	V13	TCAGACGCGC	ATTACCGCGGCTGCTGG	female	Stool	Gastrointestinal_tract	1
SRS018585.SRX020516	SRS018585.SRX020516.V13	765094712	700037031		700037052	SRX020516	SRR044373	SRS018585	V13	TCAGACGTTCCAC	ATTACCGCGGCTGCTGG	male	Anterior_nares	Airways	1
SRS018591.SRX020516	SRS018591.SRX020516.V13	765094712	700037034		700037058	SRX020516	SRR044342	SRS018591	V13	TCAGTTCGTTATC	ATTACCGCGGCTGCTGG	male	Tongue_dorsum	Oral	1
SRS018739.SRX020516	SRS018739.SRX020516.V13	765013792	700037126		700037206	SRX020516	SRR044332	SRS018739	V13	TCAGACTAATTC	ATTACCGCGGCTGCTGG	female	Tongue_dorsum	Oral	1
SRS018769.SRX020516	SRS018769.SRX020516.V13	765013792	700037141		700037236	SRX020516	SRR044313	SRS018769	V13	TCAGAAGAAGAC	ATTACCGCGGCTGCTGG	female	Posterior_fornix	Urogenital_tract	1
SRS019081.SRX020538	SRS019081.SRX020538.V13	764083206	700037535		700037552	SRX020538	SRR044655	SRS019081	V13	TCAGTCTTGGC	ATTACCGCGGCTGCTGG	male	Right_Retroauricular_crease	Skin	2
SRS019081.SRX020545	SRS019081.SRX020545.V13	764083206	700037535		700037552	SRX020545	SRR047459	SRS019081	V13	TCAGTCTTGGC	ATTACCGCGGCTGCTGG	male	Right_Retroauricular_crease	Skin	2
SRS019081.SRX020553	SRS019081.SRX020553.V13	764083206	700037535		700037552	SRX020553	SRR044684	SRS019081	V13	TCAGTCTTGGC	ATTACCGCGGCTGCTGG	male	Right_Retroauricular_crease	Skin	2
SRS019081.SRX020564	SRS019081.SRX020564.V13	764083206	700037535		700037552	SRX020564	SRR044719	SRS019081	V13	TCAGTCTTGGC	ATTACCGCGGCTGCTGG	male	Right_Retroauricular_crease	Skin	2
SRS019087.SRX020538	SRS019087.SRX020538.V13	764083206	700037538		700037558	SRX020538	SRR044642	SRS019087	V13	TCAGTCCGCTC	ATTACCGCGGCTGCTGG	male	Anterior_nares	Airways	2
SRS019087.SRX020545	SRS019087.SRX020545.V13	764083206	700037538		700037558	SRX020545	SRR044734	SRS019087	V13	TCAGTCCGCTC	ATTACCGCGGCTGCTGG	male	Anterior_nares	Airways	2
SRS019087.SRX020553	SRS019087.SRX020553.V13	764083206	700037538		700037558	SRX020553	SRR044672	SRS019087	V13	TCAGTCCGCTC	ATTACCGCGGCTGCTGG	male	Anterior_nares	Airways	2
SRS019087.SRX020564	SRS019087.SRX020564.V13	764083206	700037538		700037558	SRX020564	SRR047452	SRS019087	V13	TCAGTCCGCTC	ATTACCGCGGCTGCTGG	male	Anterior_nares	Airways	2
SRS019267.SRX020516	SRS019267.SRX020516.V13	765034022	700037700		700037738	SRX020516	SRR044360	SRS019267	V13	TCAGAACCTGGC	ATTACCGCGGCTGCTGG	female	Stool	Gastrointestinal_tract	1
SRS019379.SRX020572	SRS019379.SRX020572.V13	765337473	700037813		700037850	SRX020572	SRR045977	SRS019379	V13	TCAGACCGGAAGC	ATTACCGCGGCTGCTGG	female	Posterior_fornix	Urogenital_tract	1
SRS019582.SRX020511	SRS019582.SRX020511.V13	763597684	700038021		700038053	SRX020511	SRR045623	SRS019582	V13	TCAGACTCAC	ATTACCGCGGCTGCTGG	male	Stool	Gastrointestinal_tract	2
SRS019582.SRX020543	SRS019582.SRX020543.V13	763597684	700038021		700038053	SRX020543	SRR045562	SRS019582	V13	TCAGACTCAC	ATTACCGCGGCTGCTGG	male	Stool	Gastrointestinal_tract	2
SRS019787.SRX020577	SRS019787.SRX020577.V13	764669880	700038231		700038263	SRX020577	SRR043974	SRS019787	V13	TCAGATACCAC	ATTACCGCGGCTGCTGG	male	Stool	Gastrointestinal_tract	2
SRS019894.SRX020516	SRS019894.SRX020516.V13	764892411	700038346		700038370	SRX020516	SRR044311	SRS019894	V13	TCAGCTTCCTTC	ATTACCGCGGCTGCTGG	male	Tongue_dorsum	Oral	2
SRS019906.SRX020516	SRS019906.SRX020516.V13	764892411	700038352		700038382	SRX020516	SRR047422	SRS019906	V13	TCAGCCGTTCAC	ATTACCGCGGCTGCTGG	male	Supragingival_plaque	Oral	2
SRS019910.SRX020516	SRS019910.SRX020516.V13	764892411	700038354		700038386	SRX020516	SRR044347	SRS019910	V13	TCAGACCGGAAGC	ATTACCGCGGCTGCTGG	male	Stool	Gastrointestinal_tract	2
SRS047219.SRX020511	SRS047219.SRX020511.V13	763536994	700038437		700038456	SRX020511	SRR045665	SRS047219	V13	TCAGAGGTTGTC	ATTACCGCGGCTGCTGG	male	Tongue_dorsum	Oral	2
SRS047219.SRX020543	SRS047219.SRX020543.V13	763536994	700038437		700038456	SRX020543	SRR045573	SRS047219	V13	TCAGTGGTTGGTC	ATTACCGCGGCTGCTGG	male	Tongue_dorsum	Oral	2
SRS050422.SRX020511	SRS050422.SRX020511.V13	763536994	700038445		700038472	SRX020511	SRR045628	SRS050422	V13	TCAGAAGAAGAC	ATTACCGCGGCTGCTGG	male	Stool	Gastrointestinal_tract	2
SRS050422.SRX020543	SRS050422.SRX020543.V13	763536994	700038445		700038472	SRX020543	SRR045575	SRS050422	V13	TCAGACTAATTC	ATTACCGCGGCTGCTGG	male	Stool	Gastrointestinal_tract	2
SRS042643.SRX020531	SRS042643.SRX020531.V13	404239096	700038581		700038600	SRX020531	SRR046038	SRS042643	V13	TCAGTCACCTC	ATTACCGCGGCTGCTGG	male	Tongue_dorsum	Oral	1
SRS042643.SRX020544	SRS042643.SRX020544.V13	404239096	700038581		700038600	SRX020544	SRR049340	SRS042643	V13	TCAGTCACCTC	ATTACCGCGGCTGCTGG	male	Tongue_dorsum	Oral	1
SRS053335.SRX020531	SRS053335.SRX020531.V13	508703490	700038741		700038761	SRX020531	SRR046056	SRS053335	V13	TCAGACTTGC	ATTACCGCGGCTGCTGG	female	Stool	Gastrointestinal_tract	1
SRS053335.SRX020544	SRS053335.SRX020544.V13	508703490	700038741		700038761	SRX020544	SRR049343	SRS053335	V13	TCAGACTTGC	ATTACCGCGGCTGCTGG	female	Stool	Gastrointestinal_tract	1
SRS045197.SRX020540	SRS045197.SRX020540.V13	765094712	700103614		700103639	SRX020540	SRR047117	SRS045197	V13	TCAGACCTTGGTC	ATTACCGCGGCTGCTGG	male	Supragingival_plaque	Oral	2
SRS051600.SRX020540	SRS051600.SRX020540.V13	765094712	700103620		700103651	SRX020540	SRR047112	SRS051600	V13	TCAGAAGAGTTC	ATTACCGCGGCTGCTGG	male	Anterior_nares	Airways	2
SRS044742.SRX020670	SRS044742.SRX020670.V13	763759525	700103671		700103708	SRX020670	SRR046348	SRS044742	V13	TCAGACGAAGTC	ATTACCGCGGCTGCTGG	female	Posterior_fornix	Urogenital_tract	2
SRS043411.SRX020670	SRS043411.SRX020670.V13	763759525	700103672		700103710	SRX020670	SRR046345	SRS043411	V13	TCAGTTCGTGGC	ATTACCGCGGCTGCTGG	female	Stool	Gastrointestinal_tract	2
SRS055450.SRX020578	SRS055450.SRX020578.V13	764325968	700105272		700105302	SRX020578	SRR047319	SRS055450	V13	TCAGCGGTATC	ATTACCGCGGCTGCTGG	male	Supragingival_plaque	Oral	2
SRS056259.SRX020578	SRS056259.SRX020578.V13	764325968	700105274		700105306	SRX020578	SRR047235	SRS056259	V13	TCAGACAAGGC	ATTACCGCGGCTGCTGG	male	Stool	Gastrointestinal_tract	2
SRS051031.SRX020578	SRS051031.SRX020578.V13	764487809	700105355		700105372	SRX020578	SRR047244	SRS051031	V13	TCAGTATTGAC	ATTACCGCGGCTGCTGG	male	Stool	Gastrointestinal_tract	2
SRS047265.SRX020578	SRS047265.SRX020578.V13	764487809	700105364		700105390	SRX020578	SRR047248	SRS047265	V13	TCAGTTCATAC	ATTACCGCGGCTGCTGG	male	Supragingival_plaque	Oral	2
SRS042628.SRX020578	SRS042628.SRX020578.V13	764447348	700105739		700105771	SRX020578	SRR047303	SRS042628	V13	TCAGTCCGCTC	ATTACCGCGGCTGCTGG	male	Stool	Gastrointestinal_tract	2
SRS048870.SRX020577	SRS048870.SRX020577.V13	764184357	700106018		700106056	SRX020577	SRR044064	SRS048870	V13	TCAGCCGGCCAC	ATTACCGCGGCTGCTGG	female	Stool	Gastrointestinal_tract	2
SRS052697.SRX020514	SRS052697.SRX020514.V13	706846339	700106132		700106170	SRX020514	SRR049639	SRS052697	V13	TCAGACCGTAATC	ATTACCGCGGCTGCTGG	female	Stool	Gastrointestinal_tract	1
SRS052697.SRX020550	SRS052697.SRX020550.V13	706846339	700106132		700106170	SRX020550	SRR046441	SRS052697	V13	TCAGACCGTAATC	ATTACCGCGGCTGCTGG	female	Stool	Gastrointestinal_tract	1
SRS054590.SRX020514	SRS054590.SRX020514.V13	338793263	700106437		700106465	SRX020514	SRR046698	SRS054590	V13	TCAGTGTCCGGTC	ATTACCGCGGCTGCTGG	female	Stool	Gastrointestinal_tract	1
SRS054590.SRX020550	SRS054590.SRX020550.V13	338793263	700106437		700106465	SRX020550	SRR046427	SRS054590	V13	TCAGTGTCCGGTC	ATTACCGCGGCTGCTGG	female	Stool	Gastrointestinal_tract	1
SRS062427.SRX020569	SRS062427.SRX020569.V13	763536994	700113599		700113616	SRX020569	SRR049637	SRS062427	V13	TCAGCACGC	ATTACCGCGGCTGCTGG	male	Stool	Gastrointestinal_tract	3
SRS062544.SRX020569	SRS062544.SRX020569.V13	763536994	700113602		700113622	SRX020569	SRR049417	SRS062544	V13	TCAGTGAAGC	ATTACCGCGGCTGCTGG	male	Tongue_dorsum	Oral	3
SRS063287.SRX020569	SRS063287.SRX020569.V13	763536994	700113604		700113626	SRX020569	SRR046615	SRS063287	V13	TCAGTCACAC	ATTACCGCGGCTGCTGG	male	Buccal_mucosa	Oral	3
SRS064493.SRX020569	SRS064493.SRX020569.V13	763536994	700113608		700113634	SRX020569	SRR046544	SRS064493	V13	TCAGACTCAC	ATTACCGCGGCTGCTGG	male	Supragingival_plaque	Oral	3
SRS064276.SRX020670	SRS064276.SRX020670.V13	763840445	700114105		700114125	SRX020670	SRR046347	SRS064276	V13	TCAGAACACAAC	ATTACCGCGGCTGCTGG	female	Stool	Gastrointestinal_tract	2
SRS063417.SRX020670	SRS063417.SRX020670.V13	763840445	700114123		700114161	SRX020670	SRR046236	SRS063417	V13	TCAGTGTCGGAC	ATTACCGCGGCTGCTGG	female	Posterior_fornix	Urogenital_tract	2
SRS065179.SRX020569	SRS065179.SRX020569.V13	764042746	700114428		700114452	SRX020569	SRR046661	SRS065179	V13	TCAGAACACAAC	ATTACCGCGGCTGCTGG	female	Anterior_nares	Airways	2
SRS062540.SRX020569	SRS062540.SRX020569.V13	764042746	700114434		700114464	SRX020569	SRR049457	SRS062540	V13	TCAGACCTGAAC	ATTACCGCGGCTGCTGG	female	Tongue_dorsum	Oral	2
SRS065310.SRX020569	SRS065310.SRX020569.V13	764042746	700114440		700114476	SRX020569	SRR046608	SRS065310	V13	TCAGACTAATTC	ATTACCGCGGCTGCTGG	female	Supragingival_plaque	Oral	2
SRS064557.SRX020569	SRS064557.SRX020569.V13	764042746	700114442		700114480	SRX020569	SRR046542	SRS064557	V13	TCAGTGTCGGAC	ATTACCGCGGCTGCTGG	female	Stool	Gastrointestinal_tract	2
SRS065278.SRX020569	SRS065278.SRX020569.V13	763901136	700114599		700114621	SRX020569	SRR046548	SRS065278	V13	TCAGCGTCGTC	ATTACCGCGGCTGCTGG	female	Tongue_dorsum	Oral	2
SRS064809.SRX020569	SRS064809.SRX020569.V13	763901136	700114601		700114625	SRX020569	SRR046612	SRS064809	V13	TCAGAACAACTC	ATTACCGCGGCTGCTGG	female	Buccal_mucosa	Oral	2
SRS063603.SRX020569	SRS063603.SRX020569.V13	763901136	700114605		700114633	SRX020569	SRR046607	SRS063603	V13	TCAGTAGGAATC	ATTACCGCGGCTGCTGG	female	Supragingival_plaque	Oral	2
SRS065347.SRX020569	SRS065347.SRX020569.V13	763901136	700114614		700114651	SRX020569	SRR046662	SRS065347	V13	TCAGACGAAGTC	ATTACCGCGGCTGCTGG	female	Posterior_fornix	Urogenital_tract	2
SRS063985.SRX020569	SRS063985.SRX020569.V13	763901136	700114615		700114653	SRX020569	SRR046659	SRS063985	V13	TCAGTTCGTGGC	ATTACCGCGGCTGCTGG	female	Stool	Gastrointestinal_tract	2
700014562	700014562.V13.241810				700014562	Unavailable	715342091112.1.TCAG	SRS011061	V13	TCAGCCAGGAC	ATTACCGCGGCTGCTGG	female	Stool	Gastrointestinal_tract	1
700014739	700014739.V13.241810				700014739	Unavailable	715342091112.1.TCAG	SRS011090	V13	TCAGCGTCGTC	ATTACCGCGGCTGCTGG	female	Buccal_mucosa	Oral	1
700014751	700014751.V13.241810				700014751	Unavailable	715342091112.1.TCAG	SRS011098	V13	TCAGTGCCGAAC	ATTACCGCGGCTGCTGG	female	Supragingival_plaque	Oral	1
700014815	700014815.V13.241722				700014815	Unavailable	720589091112.1.TCAG	SRS011126	V13	TCAGTCACAC	ATTACCGCGGCTGCTGG	male	Supragingival_plaque	Oral	1
700014827	700014827.V13.241722				700014827	Unavailable	720589091112.1.TCAG	SRS011132	V13	TCAGCGACTC	ATTACCGCGGCTGCTGG	male	Anterior_nares	Airways	1
700014837	700014837.V13.241820				700014837	Unavailable	720589091112.1.TCAG	SRS011134	V13	TCAGAGCTTC	ATTACCGCGGCTGCTGG	male	Stool	Gastrointestinal_tract	1
700014929	700014929.V13.241820				700014929	Unavailable	720589091112.1.TCAG	SRS011140	V13	TCAGCAAGAAC	ATTACCGCGGCTGCTGG	male	Tongue_dorsum	Oral	1
700014933	700014933.V13.241820				700014933	Unavailable	720589091112.1.TCAG	SRS011144	V13	TCAGTATCAAC	ATTACCGCGGCTGCTGG	male	Buccal_mucosa	Oral	1
700014941	700014941.V13.241820				700014941	Unavailable	720589091112.1.TCAG	SRS011152	V13	TCAGACAAGGC	ATTACCGCGGCTGCTGG	male	Supragingival_plaque	Oral	1
700015181	700015181.V13.241719				700015181	Unavailable	715342091112.1.TCAG	SRS011239	V13	TCAGTTCTTGAC	ATTACCGCGGCTGCTGG	female	Stool	Gastrointestinal_tract	1
700015199	700015199.V13.241719				700015199	Unavailable	715342091112.1.TCAG	SRS011243	V13	TCAGTTCGCGAC	ATTACCGCGGCTGCTGG	female	Tongue_dorsum	Oral	1
700015205	700015205.V13.241719				700015205	Unavailable	715342091112.1.TCAG	SRS011247	V13	TCAGACCTGAAC	ATTACCGCGGCTGCTGG	female	Buccal_mucosa	Oral	1
700015217	700015217.V13.241719				700015217	Unavailable	715342091112.1.TCAG	SRS011255	V13	TCAGCGGTCTTC	ATTACCGCGGCTGCTGG	female	Supragingival_plaque	Oral	1
700015235	700015235.V13.241719				700015235	Unavailable	715342091112.1.TCAG	SRS011263	V13	TCAGACGAGAAC	ATTACCGCGGCTGCTGG	female	Anterior_nares	Airways	1
700015244	700015244.V13.241719				700015244	Unavailable	715342091112.1.TCAG	SRS011269	V13	TCAGTTGTGTTC	ATTACCGCGGCTGCTGG	female	Posterior_fornix	Urogenital_tract	1
700015415	700015415.V13.241712				700015415	Unavailable	720589091112.1.TCAG	SRS011302	V13	TCAGAAGAGTTC	ATTACCGCGGCTGCTGG	female	Stool	Gastrointestinal_tract	1
700015430	700015430.V13.241712				700015430	Unavailable	720589091112.1.TCAG	SRS011306	V13	TCAGTCCAGAAC	ATTACCGCGGCTGCTGG	female	Tongue_dorsum	Oral	1
700015436	700015436.V13.241712				700015436	Unavailable	720589091112.1.TCAG	SRS011310	V13	TCAGAAGGCCTC	ATTACCGCGGCTGCTGG	female	Buccal_mucosa	Oral	1
700015552	700015552.V13.241712				700015552	Unavailable	720589091112.1.TCAG	SRS011343	V13	TCAGAGGTTGTC	ATTACCGCGGCTGCTGG	female	Supragingival_plaque	Oral	1
700015579	700015579.V13.241712				700015579	Unavailable	720589091112.1.TCAG	SRS011355	V13	TCAGAACTGTTC	ATTACCGCGGCTGCTGG	female	Posterior_fornix	Urogenital_tract	1
700015758	700015758.V13.241804				700015758	Unavailable	720589091112.1.TCAG	SRS011397	V13	TCAGACCTTGGTC	ATTACCGCGGCTGCTGG	female	Anterior_nares	Airways	1
SRS011271.SRX020666	SRS011271.SRX020666.V35	158802708	700015245		700015250	SRX020666	SRR044974	SRS011271	V35	TCAGCACGC	CCGTCAATTCMTTTRAGT	male	Stool	Gastrointestinal_tract	1
SRS011271.SRX020669	SRS011271.SRX020669.V35	158802708	700015245		700015250	SRX020669	SRR049646	SRS011271	V35	TCAGCACGC	CCGTCAATTCMTTTRAGT	male	Stool	Gastrointestinal_tract	1
SRS013234.SRX019639	SRS013234.SRX019639.V35	159591683	700015940		700015941	SRX019639	SRR040741	SRS013234	V35	TCAGTCGGATTAC	CCGTCAATTCMTTTRAGT	male	Tongue_dorsum	Oral	1
SRS013252.SRX019639	SRS013252.SRX019639.V35	159591683	700015958		700015959	SRX019639	SRR040791	SRS013252	V35	TCAGCGGTCCAAC	CCGTCAATTCMTTTRAGT	male	Supragingival_plaque	Oral	1
SRS013258.SRX019639	SRS013258.SRX019639.V35	159591683	700015964		700015965	SRX019639	SRR040697	SRS013258	V35	TCAGTCCTGGAAC	CCGTCAATTCMTTTRAGT	male	Left_Retroauricular_crease	Skin	1
SRS011405.SRX020666	SRS011405.SRX020666.V35	159247771	700015979		700015981	SRX020666	SRR044948	SRS011405	V35	TCAGCGCAAC	CCGTCAATTCMTTTRAGT	female	Stool	Gastrointestinal_tract	1
SRS011405.SRX020669	SRS011405.SRX020669.V35	159247771	700015979		700015981	SRX020669	SRR049315	SRS011405	V35	TCAGCGCAAC	CCGTCAATTCMTTTRAGT	female	Stool	Gastrointestinal_tract	1
SRS011452.SRX020666	SRS011452.SRX020666.V35	159146620	700016136		700016142	SRX020666	SRR044944	SRS011452	V35	TCAGACTTGC	CCGTCAATTCMTTTRAGT	male	Stool	Gastrointestinal_tract	1
SRS011452.SRX020669	SRS011452.SRX020669.V35	159146620	700016136		700016142	SRX020669	SRR045327	SRS011452	V35	TCAGACTTGC	CCGTCAATTCMTTTRAGT	male	Stool	Gastrointestinal_tract	1
SRS013502.SRX019635	SRS013502.SRX019635.V35	159207311	700016462		700016482	SRX019635	SRR040670	SRS013502	V35	TCAGATACCAC	CCGTCAATTCMTTTRAGT	male	Tongue_dorsum	Oral	1
SRS013502.SRX019636	SRS013502.SRX019636.V35	159207311	700016462		700016482	SRX019636	SRR040686	SRS013502	V35	TCAGATACCAC	CCGTCAATTCMTTTRAGT	male	Tongue_dorsum	Oral	1
SRS013506.SRX019683	SRS013506.SRX019683.V35	159207311	700016464		700016486	SRX019683	SRR041023	SRS013506	V35	TCAGACAAGGC	CCGTCAATTCMTTTRAGT	male	Buccal_mucosa	Oral	1
SRS013506.SRX019694	SRS013506.SRX019694.V35	159207311	700016464		700016486	SRX019694	SRR041789	SRS013506	V35	TCAGACAAGGC	CCGTCAATTCMTTTRAGT	male	Buccal_mucosa	Oral	1
SRS017304.SRX019683	SRS017304.SRX019683.V35	159207311	700016468		700033986	SRX019683	SRR041079	SRS017304	V35	TCAGTTCGAGC	CCGTCAATTCMTTTRAGT	male	Supragingival_plaque	Oral	1
SRS017304.SRX019694	SRS017304.SRX019694.V35	159207311	700016468		700033986	SRX019694	SRR041828	SRS017304	V35	TCAGTTCGAGC	CCGTCAATTCMTTTRAGT	male	Supragingival_plaque	Oral	1
SRS017304.SRX020197	SRS017304.SRX020197.V35	159207311	700016468		700033986	SRX020197	SRR042796	SRS017304	V35	TCAGTTCGAGC	CCGTCAATTCMTTTRAGT	male	Supragingival_plaque	Oral	1
SRS017304.SRX020209	SRS017304.SRX020209.V35	159207311	700016468		700033986	SRX020209	SRR042877	SRS017304	V35	TCAGTTCGAGC	CCGTCAATTCMTTTRAGT	male	Supragingival_plaque	Oral	1
SRS011529.SRX020666	SRS011529.SRX020666.V35	159166850	700016608		700016610	SRX020666	SRR044912	SRS011529	V35	TCAGTGAAGC	CCGTCAATTCMTTTRAGT	male	Stool	Gastrointestinal_tract	1
SRS011529.SRX020669	SRS011529.SRX020669.V35	159166850	700016608		700016610	SRX020669	SRR045294	SRS011529	V35	TCAGTGAAGC	CCGTCAATTCMTTTRAGT	male	Stool	Gastrointestinal_tract	1
SRS013687.SRX019690	SRS013687.SRX019690.V35	159268001	700016764		700016765	SRX019690	SRR041527	SRS013687	V35	TCAGAACCTGGC	CCGTCAATTCMTTTRAGT	male	Stool	Gastrointestinal_tract	1
SRS013705.SRX019690	SRS013705.SRX019690.V35	159268001	700016782		700016783	SRX019690	SRR041510	SRS013705	V35	TCAGAAGAGTTC	CCGTCAATTCMTTTRAGT	male	Tongue_dorsum	Oral	1
SRS013711.SRX019690	SRS013711.SRX019690.V35	159268001	700016788		700016789	SRX019690	SRR041621	SRS013711	V35	TCAGACGAAGTC	CCGTCAATTCMTTTRAGT	male	Buccal_mucosa	Oral	1
SRS013723.SRX019690	SRS013723.SRX019690.V35	159268001	700016800		700016801	SRX019690	SRR041536	SRS013723	V35	TCAGCCGGTCGC	CCGTCAATTCMTTTRAGT	male	Supragingival_plaque	Oral	1
SRS013825.SRX019684	SRS013825.SRX019684.V35	159571453	700016984		700016985	SRX019684	SRR041024	SRS013825	V35	TCAGTTCGGCCTTC	CCGTCAATTCMTTTRAGT	male	Buccal_mucosa	Oral	1
SRS013825.SRX019695	SRS013825.SRX019695.V35	159571453	700016984		700016985	SRX019695	SRR041822	SRS013825	V35	TCAGTTCGGCCTTC	CCGTCAATTCMTTTRAGT	male	Buccal_mucosa	Oral	1
SRS014271.SRX020551	SRS014271.SRX020551.V35	763536994	700021312		700021860	SRX020551	SRR045535	SRS014271	V35	TCAGTTCTCAAC	CCGTCAATTCMTTTRAGT	male	Tongue_dorsum	Oral	1
SRS014271.SRX020560	SRS014271.SRX020560.V35	763536994	700021312		700021860	SRX020560	SRR047364	SRS014271	V35	TCAGAGTCCGTC	CCGTCAATTCMTTTRAGT	male	Tongue_dorsum	Oral	1
SRS014287.SRX020551	SRS014287.SRX020551.V35	763536994	700021677		700021876	SRX020551	SRR045506	SRS014287	V35	TCAGCCTTCCGC	CCGTCAATTCMTTTRAGT	male	Stool	Gastrointestinal_tract	1
SRS014287.SRX020560	SRS014287.SRX020560.V35	763536994	700021677		700021876	SRX020560	SRR043639	SRS014287	V35	TCAGAACGGAGTC	CCGTCAATTCMTTTRAGT	male	Stool	Gastrointestinal_tract	1
SRS014235.SRX020530	SRS014235.SRX020530.V35	763678604	700021807		700021824	SRX020530	SRR045919	SRS014235	V35	TCAGCAAGAAC	CCGTCAATTCMTTTRAGT	male	Stool	Gastrointestinal_tract	1
SRS014235.SRX020576	SRS014235.SRX020576.V35	763678604	700021807		700021824	SRX020576	SRR049364	SRS014235	V35	TCAGCAAGAAC	CCGTCAATTCMTTTRAGT	male	Stool	Gastrointestinal_tract	1
SRS014613.SRX020555	SRS014613.SRX020555.V35	763840445	700023237		700023267	SRX020555	SRR045715	SRS014613	V35	TCAGTAATCTC	CCGTCAATTCMTTTRAGT	female	Stool	Gastrointestinal_tract	1
SRS014629.SRX020555	SRS014629.SRX020555.V35	763840445	700023245		700023283	SRX020555	SRR045687	SRS014629	V35	TCAGCGTCGTC	CCGTCAATTCMTTTRAGT	female	Posterior_fornix	Urogenital_tract	1
SRS014923.SRX020555	SRS014923.SRX020555.V35	763860675	700023551		700023578	SRX020555	SRR045709	SRS014923	V35	TCAGAACAACTC	CCGTCAATTCMTTTRAGT	male	Stool	Gastrointestinal_tract	1
SRS015133.SRX020555	SRS015133.SRX020555.V35	763901136	700023701		700023788	SRX020555	SRR045722	SRS015133	V35	TCAGAACACAAC	CCGTCAATTCMTTTRAGT	female	Stool	Gastrointestinal_tract	1
SRS015190.SRX020558	SRS015190.SRX020558.V35	763759525	700023815		700023845	SRX020558	SRR047400	SRS015190	V35	TCAGTTCCTGC	CCGTCAATTCMTTTRAGT	female	Stool	Gastrointestinal_tract	1
SRS015395.SRX020555	SRS015395.SRX020555.V35	764042746	700024027		700024050	SRX020555	SRR045675	SRS015395	V35	TCAGCCGTTCAC	CCGTCAATTCMTTTRAGT	female	Tongue_dorsum	Oral	1
SRS015425.SRX020555	SRS015425.SRX020555.V35	764042746	700024042		700024080	SRX020555	SRR047559	SRS015425	V35	TCAGACCGGAAGC	CCGTCAATTCMTTTRAGT	female	Posterior_fornix	Urogenital_tract	1
SRS015450.SRX020538	SRS015450.SRX020538.V35	764083206	700024085		700024105	SRX020538	SRR044669	SRS015450	V35	TCAGAGGCGGC	CCGTCAATTCMTTTRAGT	male	Anterior_nares	Airways	1
SRS015450.SRX020545	SRS015450.SRX020545.V35	764083206	700024085		700024105	SRX020545	SRR044758	SRS015450	V35	TCAGAGGCGGC	CCGTCAATTCMTTTRAGT	male	Anterior_nares	Airways	1
SRS015450.SRX020553	SRS015450.SRX020553.V35	764083206	700024085		700024105	SRX020553	SRR044695	SRS015450	V35	TCAGAGGCGGC	CCGTCAATTCMTTTRAGT	male	Anterior_nares	Airways	1
SRS015450.SRX020564	SRS015450.SRX020564.V35	764083206	700024085		700024105	SRX020564	SRR044732	SRS015450	V35	TCAGAGGCGGC	CCGTCAATTCMTTTRAGT	male	Anterior_nares	Airways	1
SRS015470.SRX020538	SRS015470.SRX020538.V35	764083206	700024095		700024125	SRX020538	SRR044670	SRS015470	V35	TCAGAACCAGC	CCGTCAATTCMTTTRAGT	male	Supragingival_plaque	Oral	1
SRS015470.SRX020545	SRS015470.SRX020545.V35	764083206	700024095		700024125	SRX020545	SRR044759	SRS015470	V35	TCAGAACCAGC	CCGTCAATTCMTTTRAGT	male	Supragingival_plaque	Oral	1
SRS015470.SRX020553	SRS015470.SRX020553.V35	764083206	700024095		700024125	SRX020553	SRR044696	SRS015470	V35	TCAGAACCAGC	CCGTCAATTCMTTTRAGT	male	Supragingival_plaque	Oral	1
SRS015470.SRX020564	SRS015470.SRX020564.V35	764083206	700024095		700024125	SRX020564	SRR047457	SRS015470	V35	TCAGAACCAGC	CCGTCAATTCMTTTRAGT	male	Supragingival_plaque	Oral	1
SRS015574.SRX020535	SRS015574.SRX020535.V35	764285508	700024199		700024229	SRX020535	SRR044120	SRS015574	V35	TCAGAACGAGGC	CCGTCAATTCMTTTRAGT	male	Supragingival_plaque	Oral	1
SRS015578.SRX020535	SRS015578.SRX020535.V35	764285508	700024201		700024233	SRX020535	SRR043983	SRS015578	V35	TCAGTCGAGGAAC	CCGTCAATTCMTTTRAGT	male	Stool	Gastrointestinal_tract	1
SRS015663.SRX020573	SRS015663.SRX020573.V35	764487809	700024296		700024318	SRX020573	SRR044257	SRS015663	V35	TCAGAAGGCAC	CCGTCAATTCMTTTRAGT	male	Stool	Gastrointestinal_tract	1
SRS015762.SRX020573	SRS015762.SRX020573.V35	764224817	700024398		700024417	SRX020573	SRR049863	SRS015762	V35	TCAGTGAAGC	CCGTCAATTCMTTTRAGT	male	Tongue_dorsum	Oral	1
SRS015782.SRX020573	SRS015782.SRX020573.V35	764224817	700024408		700024437	SRX020573	SRR044216	SRS015782	V35	TCAGACTCAC	CCGTCAATTCMTTTRAGT	male	Stool	Gastrointestinal_tract	1
SRS015854.SRX020558	SRS015854.SRX020558.V35	764002286	700024492		700024509	SRX020558	SRR043760	SRS015854	V35	TCAGCGGTCTTC	CCGTCAATTCMTTTRAGT	male	Stool	Gastrointestinal_tract	2
SRS015921.SRX020510	SRS015921.SRX020510.V35	764305738	700024550		700024576	SRX020510	SRR044611	SRS015921	V35	TCAGTGGTGAAC	CCGTCAATTCMTTTRAGT	male	Buccal_mucosa	Oral	1
SRS015921.SRX020520	SRS015921.SRX020520.V35	764305738	700024550		700024576	SRX020520	SRR044641	SRS015921	V35	TCAGTGGTGAAC	CCGTCAATTCMTTTRAGT	male	Buccal_mucosa	Oral	1
SRS015960.SRX020535	SRS015960.SRX020535.V35	764325968	700024593		700024615	SRX020535	SRR044119	SRS015960	V35	TCAGACGTTCCAC	CCGTCAATTCMTTTRAGT	male	Stool	Gastrointestinal_tract	1
SRS016002.SRX020573	SRS016002.SRX020573.V35	764447348	700024638		700024657	SRX020573	SRR044274	SRS016002	V35	TCAGTTCGTGGC	CCGTCAATTCMTTTRAGT	male	Tongue_dorsum	Oral	1
SRS016018.SRX020573	SRS016018.SRX020573.V35	764447348	700024646		700024673	SRX020573	SRR044251	SRS016018	V35	TCAGTTGACAAC	CCGTCAATTCMTTTRAGT	male	Stool	Gastrointestinal_tract	1
SRS016056.SRX020573	SRS016056.SRX020573.V35	764508039	700024689		700024711	SRX020573	SRR044252	SRS016056	V35	TCAGACCGTAATC	CCGTCAATTCMTTTRAGT	male	Stool	Gastrointestinal_tract	1
SRS016095.SRX020522	SRS016095.SRX020522.V35	764588959	700024732		700024752	SRX020522	SRR044395	SRS016095	V35	TCAGATCTTAC	CCGTCAATTCMTTTRAGT	female	Stool	Gastrointestinal_tract	1
SRS016111.SRX020522	SRS016111.SRX020522.V35	764588959	700024740		700024768	SRX020522	SRR044399	SRS016111	V35	TCAGTCTTGGC	CCGTCAATTCMTTTRAGT	female	Posterior_fornix	Urogenital_tract	1
SRS016203.SRX020522	SRS016203.SRX020522.V35	764649650	700024846		700024866	SRX020522	SRR044423	SRS016203	V35	TCAGTCACAC	CCGTCAATTCMTTTRAGT	female	Stool	Gastrointestinal_tract	1
SRS016225.SRX020522	SRS016225.SRX020522.V35	764649650	700024857		700024888	SRX020522	SRR044381	SRS016225	V35	TCAGCGACTC	CCGTCAATTCMTTTRAGT	female	Tongue_dorsum	Oral	1
SRS016267.SRX020535	SRS016267.SRX020535.V35	764669880	700024908		700024930	SRX020535	SRR044091	SRS016267	V35	TCAGCGCAAC	CCGTCAATTCMTTTRAGT	male	Stool	Gastrointestinal_tract	1
SRS016319.SRX020522	SRS016319.SRX020522.V35	765074482	700024958		700024982	SRX020522	SRR044435	SRS016319	V35	TCAGAACACAAC	CCGTCAATTCMTTTRAGT	male	Tongue_dorsum	Oral	1
SRS016331.SRX020522	SRS016331.SRX020522.V35	765074482	700024964		700024994	SRX020522	SRR044384	SRS016331	V35	TCAGAAGAGTTC	CCGTCAATTCMTTTRAGT	male	Supragingival_plaque	Oral	1
SRS016335.SRX020522	SRS016335.SRX020522.V35	765074482	700024966		700024998	SRX020522	SRR044424	SRS016335	V35	TCAGTCCAGAAC	CCGTCAATTCMTTTRAGT	male	Stool	Gastrointestinal_tract	1
SRS016349.SRX019682	SRS016349.SRX019682.V35	159632143	700032012		700032013	SRX019682	SRR040949	SRS016349	V35	TCAGACGGTCCGC	CCGTCAATTCMTTTRAGT	male	Buccal_mucosa	Oral	1
SRS016434.SRX019688	SRS016434.SRX019688.V35	159672603	700032086		700032123	SRX019688	SRR041398	SRS016434	V35	TCAGACGGTCCGC	CCGTCAATTCMTTTRAGT	male	Anterior_nares	Airways	1
SRS016434.SRX020196	SRS016434.SRX020196.V35	159672603	700032086		700032123	SRX020196	SRR042800	SRS016434	V35	TCAGACGGTCCGC	CCGTCAATTCMTTTRAGT	male	Anterior_nares	Airways	1
SRS016434.SRX020197	SRS016434.SRX020197.V35	159672603	700032086		700032123	SRX020197	SRR042796	SRS016434	V35	TCAGACGGTCCGC	CCGTCAATTCMTTTRAGT	male	Anterior_nares	Airways	1
SRS016529.SRX019635	SRS016529.SRX019635.V35	159753524	700032228		700032256	SRX019635	SRR040580	SRS016529	V35	TCAGACGAAGTC	CCGTCAATTCMTTTRAGT	female	Tongue_dorsum	Oral	1
SRS016529.SRX019636	SRS016529.SRX019636.V35	159753524	700032228		700032256	SRX019636	SRR040656	SRS016529	V35	TCAGACGAAGTC	CCGTCAATTCMTTTRAGT	female	Tongue_dorsum	Oral	1
SRS016533.SRX019683	SRS016533.SRX019683.V35	159753524	700032230		700032260	SRX019683	SRR041055	SRS016533	V35	TCAGTCTCGAC	CCGTCAATTCMTTTRAGT	female	Buccal_mucosa	Oral	1
SRS016533.SRX019694	SRS016533.SRX019694.V35	159753524	700032230		700032260	SRX019694	SRR041712	SRS016533	V35	TCAGTCTCGAC	CCGTCAATTCMTTTRAGT	female	Buccal_mucosa	Oral	1
SRS016553.SRX019635	SRS016553.SRX019635.V35	159753524	700032240		700032280	SRX019635	SRR040617	SRS016553	V35	TCAGTGCGTTC	CCGTCAATTCMTTTRAGT	female	Anterior_nares	Airways	1
SRS016553.SRX019636	SRS016553.SRX019636.V35	159753524	700032240		700032280	SRX019636	SRR040582	SRS016553	V35	TCAGTGCGTTC	CCGTCAATTCMTTTRAGT	female	Anterior_nares	Airways	1
SRS016559.SRX019635	SRS016559.SRX019635.V35	159753524	700032243		700032286	SRX019635	SRR040662	SRS016559	V35	TCAGTAGGAATC	CCGTCAATTCMTTTRAGT	female	Posterior_fornix	Urogenital_tract	1
SRS016559.SRX019636	SRS016559.SRX019636.V35	159753524	700032243		700032286	SRX019636	SRR040605	SRS016559	V35	TCAGTAGGAATC	CCGTCAATTCMTTTRAGT	female	Posterior_fornix	Urogenital_tract	1
SRS016585.SRX019686	SRS016585.SRX019686.V35	159915365	700032316		700032338	SRX019686	SRR042899	SRS016585	V35	TCAGAAGGCCTC	CCGTCAATTCMTTTRAGT	female	Stool	Gastrointestinal_tract	1
SRS016585.SRX020359	SRS016585.SRX020359.V35	159915365	700032316		700032338	SRX020359	SRR043223	SRS016585	V35	TCAGAAGGCCTC	CCGTCAATTCMTTTRAGT	female	Stool	Gastrointestinal_tract	1
SRS016585.SRX020371	SRS016585.SRX020371.V35	159915365	700032316		700032338	SRX020371	SRR043249	SRS016585	V35	TCAGAAGGCCTC	CCGTCAATTCMTTTRAGT	female	Stool	Gastrointestinal_tract	1
SRS016600.SRX019686	SRS016600.SRX019686.V35	159915365	700032324		700032353	SRX019686	SRR041343	SRS016600	V35	TCAGTGACCGTC	CCGTCAATTCMTTTRAGT	female	Buccal_mucosa	Oral	1
SRS016753.SRX019688	SRS016753.SRX019688.V35	160421117	700032925		700032944	SRX019688	SRR041461	SRS016753	V35	TCAGTCCGAACAAC	CCGTCAATTCMTTTRAGT	male	Stool	Gastrointestinal_tract	1
SRS011584.SRX020666	SRS011584.SRX020666.V35	159247771	700033042		700033044	SRX020666	SRR044914	SRS011584	V35	TCAGCGACTC	CCGTCAATTCMTTTRAGT	female	Posterior_fornix	Urogenital_tract	1
SRS011584.SRX020669	SRS011584.SRX020669.V35	159247771	700033042		700033044	SRX020669	SRR049312	SRS011584	V35	TCAGCGACTC	CCGTCAATTCMTTTRAGT	female	Posterior_fornix	Urogenital_tract	1
SRS011586.SRX020666	SRS011586.SRX020666.V35	159733294	700033130		700033153	SRX020666	SRR044971	SRS011586	V35	TCAGACGCGC	CCGTCAATTCMTTTRAGT	female	Stool	Gastrointestinal_tract	1
SRS011586.SRX020669	SRS011586.SRX020669.V35	159733294	700033130		700033153	SRX020669	SRR045344	SRS011586	V35	TCAGACGCGC	CCGTCAATTCMTTTRAGT	female	Stool	Gastrointestinal_tract	1
SRS016944.SRX019681	SRS016944.SRX019681.V35	159450072	700033377		700033410	SRX019681	SRR040956	SRS016944	V35	TCAGTTCTCAAC	CCGTCAATTCMTTTRAGT	male	Left_Retroauricular_crease	Skin	1
SRS016944.SRX020198	SRS016944.SRX020198.V35	159450072	700033377		700033410	SRX020198	SRR042838	SRS016944	V35	TCAGTTCTCAAC	CCGTCAATTCMTTTRAGT	male	Left_Retroauricular_crease	Skin	1
SRS017044.SRX019691	SRS017044.SRX019691.V35	159490532	700033556		700033557	SRX019691	SRR041591	SRS017044	V35	TCAGACGGTCCGC	CCGTCAATTCMTTTRAGT	male	Anterior_nares	Airways	1
SRS017044.SRX020199	SRS017044.SRX020199.V35	159490532	700033556		700033557	SRX020199	SRR042812	SRS017044	V35	TCAGACGGTCCGC	CCGTCAATTCMTTTRAGT	male	Anterior_nares	Airways	1
SRS016954.SRX019687	SRS016954.SRX019687.V35	159611913	700033559		700033435	SRX019687	SRR041333	SRS016954	V35	TCAGCCGTTCCTC	CCGTCAATTCMTTTRAGT	male	Stool	Gastrointestinal_tract	1
SRS017080.SRX019687	SRS017080.SRX019687.V35	159611913	700033567		700033593	SRX019687	SRR041260	SRS017080	V35	TCAGTTGGCGGAC	CCGTCAATTCMTTTRAGT	male	Buccal_mucosa	Oral	1
SRS017103.SRX019684	SRS017103.SRX019684.V35	159551223	700033664		700033665	SRX019684	SRR041032	SRS017103	V35	TCAGCCGTTCCTC	CCGTCAATTCMTTTRAGT	male	Stool	Gastrointestinal_tract	1
SRS017103.SRX019695	SRS017103.SRX019695.V35	159551223	700033664		700033665	SRX019695	SRR041765	SRS017103	V35	TCAGCCGTTCCTC	CCGTCAATTCMTTTRAGT	male	Stool	Gastrointestinal_tract	1
SRS017127.SRX019684	SRS017127.SRX019684.V35	159551223	700033688		700033689	SRX019684	SRR041012	SRS017127	V35	TCAGTTGGCGGAC	CCGTCAATTCMTTTRAGT	male	Buccal_mucosa	Oral	1
SRS017127.SRX019695	SRS017127.SRX019695.V35	159551223	700033688		700033689	SRX019695	SRR041995	SRS017127	V35	TCAGTTGGCGGAC	CCGTCAATTCMTTTRAGT	male	Buccal_mucosa	Oral	1
SRS017139.SRX019684	SRS017139.SRX019684.V35	159551223	700033700		700033701	SRX019684	SRR041115	SRS017139	V35	TCAGTCCGGTCAC	CCGTCAATTCMTTTRAGT	male	Supragingival_plaque	Oral	1
SRS017139.SRX019695	SRS017139.SRX019695.V35	159551223	700033700		700033701	SRX019695	SRR042005	SRS017139	V35	TCAGTCCGGTCAC	CCGTCAATTCMTTTRAGT	male	Supragingival_plaque	Oral	1
SRS017191.SRX019688	SRS017191.SRX019688.V35	159814214	700033796		700033797	SRX019688	SRR041435	SRS017191	V35	TCAGAAGACGAAC	CCGTCAATTCMTTTRAGT	male	Stool	Gastrointestinal_tract	1
SRS017209.SRX019688	SRS017209.SRX019688.V35	159814214	700033814		700033815	SRX019688	SRR041447	SRS017209	V35	TCAGTTCGTTCTTC	CCGTCAATTCMTTTRAGT	male	Tongue_dorsum	Oral	1
SRS017215.SRX019688	SRS017215.SRX019688.V35	159814214	700033820		700033821	SRX019688	SRR041443	SRS017215	V35	TCAGTTGTTGGAC	CCGTCAATTCMTTTRAGT	male	Buccal_mucosa	Oral	1
SRS017227.SRX019688	SRS017227.SRX019688.V35	159814214	700033832		700033833	SRX019688	SRR041433	SRS017227	V35	TCAGAACGGTGGTC	CCGTCAATTCMTTTRAGT	male	Supragingival_plaque	Oral	1
SRS017307.SRX019682	SRS017307.SRX019682.V35	159632143	700033988		700033989	SRX019682	SRR040886	SRS017307	V35	TCAGTCGAAGGTC	CCGTCAATTCMTTTRAGT	male	Stool	Gastrointestinal_tract	1
SRS017497.SRX019687	SRS017497.SRX019687.V35	160319967	700034187		700034230	SRX019687	SRR041213	SRS017497	V35	TCAGACGAATTAAC	CCGTCAATTCMTTTRAGT	female	Posterior_fornix	Urogenital_tract	1
SRS017521.SRX019683	SRS017521.SRX019683.V35	160502038	700034232		700034254	SRX019683	SRR041050	SRS017521	V35	TCAGCCTTCCGC	CCGTCAATTCMTTTRAGT	female	Stool	Gastrointestinal_tract	1
SRS017521.SRX019694	SRS017521.SRX019694.V35	160502038	700034232		700034254	SRX019694	SRR041700	SRS017521	V35	TCAGCCTTCCGC	CCGTCAATTCMTTTRAGT	female	Stool	Gastrointestinal_tract	1
SRS017521.SRX020197	SRS017521.SRX020197.V35	160502038	700034232		700034254	SRX020197	SRR042796	SRS017521	V35	TCAGCCTTCCGC	CCGTCAATTCMTTTRAGT	female	Stool	Gastrointestinal_tract	1
SRS017521.SRX020209	SRS017521.SRX020209.V35	160502038	700034232		700034254	SRX020209	SRR043026	SRS017521	V35	TCAGCCTTCCGC	CCGTCAATTCMTTTRAGT	female	Stool	Gastrointestinal_tract	1
SRS017533.SRX019635	SRS017533.SRX019635.V35	160502038	700034238		700034266	SRX019635	SRR040650	SRS017533	V35	TCAGAACTGTTC	CCGTCAATTCMTTTRAGT	female	Tongue_dorsum	Oral	1
SRS017533.SRX019636	SRS017533.SRX019636.V35	160502038	700034238		700034266	SRX019636	SRR040710	SRS017533	V35	TCAGAACTGTTC	CCGTCAATTCMTTTRAGT	female	Tongue_dorsum	Oral	1
SRS017537.SRX019683	SRS017537.SRX019683.V35	160502038	700034240		700034270	SRX019683	SRR041133	SRS017537	V35	TCAGAGTCCGTC	CCGTCAATTCMTTTRAGT	female	Buccal_mucosa	Oral	1
SRS017537.SRX019694	SRS017537.SRX019694.V35	160502038	700034240		700034270	SRX019694	SRR041679	SRS017537	V35	TCAGAGTCCGTC	CCGTCAATTCMTTTRAGT	female	Buccal_mucosa	Oral	1
SRS017701.SRX019682	SRS017701.SRX019682.V35	160582958	700034772		700034794	SRX019682	SRR040913	SRS017701	V35	TCAGTTATTCCTTC	CCGTCAATTCMTTTRAGT	female	Stool	Gastrointestinal_tract	1
SRS017713.SRX019682	SRS017713.SRX019682.V35	160582958	700034778		700034806	SRX019682	SRR040978	SRS017713	V35	TCAGCCGACCGAAC	CCGTCAATTCMTTTRAGT	female	Tongue_dorsum	Oral	1
SRS017821.SRX019686	SRS017821.SRX019686.V35	160603188	700034907		700034926	SRX019686	SRR041310	SRS017821	V35	TCAGACCGGAAGC	CCGTCAATTCMTTTRAGT	male	Stool	Gastrointestinal_tract	1
SRS017849.SRX019691	SRS017849.SRX019691.V35	160603188	700034921		700034954	SRX019691	SRR041626	SRS017849	V35	TCAGTTCCGTCCAC	CCGTCAATTCMTTTRAGT	male	Left_Retroauricular_crease	Skin	1
SRS017851.SRX019691	SRS017851.SRX019691.V35	160603188	700034922		700034956	SRX019691	SRR041496	SRS017851	V35	TCAGTTCCAACTTC	CCGTCAATTCMTTTRAGT	male	Right_Retroauricular_crease	Skin	1
SRS018133.SRX019682	SRS018133.SRX019682.V35	160158126	700035514		700035533	SRX019682	SRR040925	SRS018133	V35	TCAGAGGTTCCGAC	CCGTCAATTCMTTTRAGT	male	Stool	Gastrointestinal_tract	1
SRS018145.SRX019682	SRS018145.SRX019682.V35	160158126	700035521		700035545	SRX019682	SRR040926	SRS018145	V35	TCAGTTCCGTCCAC	CCGTCAATTCMTTTRAGT	male	Tongue_dorsum	Oral	1
SRS018149.SRX019682	SRS018149.SRX019682.V35	160158126	700035522		700035549	SRX019682	SRR040951	SRS018149	V35	TCAGTTCACGGAAC	CCGTCAATTCMTTTRAGT	male	Buccal_mucosa	Oral	1
SRS018157.SRX019682	SRS018157.SRX019682.V35	160158126	700035527		700035557	SRX019682	SRR040918	SRS018157	V35	TCAGACCGGCGTTC	CCGTCAATTCMTTTRAGT	male	Supragingival_plaque	Oral	1
SRS018329.SRX019691	SRS018329.SRX019691.V35	160380657	700035736		700035763	SRX019691	SRR041520	SRS018329	V35	TCAGTTCAACGGTC	CCGTCAATTCMTTTRAGT	male	Buccal_mucosa	Oral	1
SRS018337.SRX019691	SRS018337.SRX019691.V35	160380657	700035740		700035771	SRX019691	SRR041608	SRS018337	V35	TCAGTCCACCGTTC	CCGTCAATTCMTTTRAGT	male	Supragingival_plaque	Oral	1
SRS018394.SRX019688	SRS018394.SRX019688.V35	160178356	700035797		700035828	SRX019688	SRR041486	SRS018394	V35	TCAGTTCCGGCCGC	CCGTCAATTCMTTTRAGT	male	Supragingival_plaque	Oral	1
SRS018427.SRX019684	SRS018427.SRX019684.V35	160218816	700035842		700035861	SRX019684	SRR041118	SRS018427	V35	TCAGACCGGCGTTC	CCGTCAATTCMTTTRAGT	male	Stool	Gastrointestinal_tract	1
SRS018427.SRX019695	SRS018427.SRX019695.V35	160218816	700035842		700035861	SRX019695	SRR041977	SRS018427	V35	TCAGACCGGCGTTC	CCGTCAATTCMTTTRAGT	male	Stool	Gastrointestinal_tract	1
SRS018439.SRX019684	SRS018439.SRX019684.V35	160218816	700035848		700035873	SRX019684	SRR041174	SRS018439	V35	TCAGTCCGAACAAC	CCGTCAATTCMTTTRAGT	male	Tongue_dorsum	Oral	1
SRS018439.SRX019695	SRS018439.SRX019695.V35	160218816	700035848		700035873	SRX019695	SRR041984	SRS018439	V35	TCAGTCCGAACAAC	CCGTCAATTCMTTTRAGT	male	Tongue_dorsum	Oral	1
SRS018463.SRX019684	SRS018463.SRX019684.V35	160218816	700035860		700035897	SRX019684	SRR041065	SRS018463	V35	TCAGACGACCGTTC	CCGTCAATTCMTTTRAGT	male	Anterior_nares	Airways	1
SRS018463.SRX019695	SRS018463.SRX019695.V35	160218816	700035860		700035897	SRX019695	SRR041912	SRS018463	V35	TCAGACGACCGTTC	CCGTCAATTCMTTTRAGT	male	Anterior_nares	Airways	1
SRS018585.SRX020522	SRS018585.SRX020522.V35	765094712	700037031		700037052	SRX020522	SRR044449	SRS018585	V35	TCAGACGTTCCAC	CCGTCAATTCMTTTRAGT	male	Anterior_nares	Airways	1
SRS018591.SRX020522	SRS018591.SRX020522.V35	765094712	700037034		700037058	SRX020522	SRR044422	SRS018591	V35	TCAGTTCGTTATC	CCGTCAATTCMTTTRAGT	male	Tongue_dorsum	Oral	1
SRS018739.SRX020522	SRS018739.SRX020522.V35	765013792	700037126		700037206	SRX020522	SRR044410	SRS018739	V35	TCAGACTAATTC	CCGTCAATTCMTTTRAGT	female	Tongue_dorsum	Oral	1
SRS018769.SRX020522	SRS018769.SRX020522.V35	765013792	700037141		700037236	SRX020522	SRR044392	SRS018769	V35	TCAGAAGAAGAC	CCGTCAATTCMTTTRAGT	female	Posterior_fornix	Urogenital_tract	1
SRS018791.SRX020530	SRS018791.SRX020530.V35	765135172	700037239		700037258	SRX020530	SRR045861	SRS018791	V35	TCAGACTTGC	CCGTCAATTCMTTTRAGT	male	Tongue_dorsum	Oral	1
SRS018791.SRX020576	SRS018791.SRX020576.V35	765135172	700037239		700037258	SRX020576	SRR047649	SRS018791	V35	TCAGACTTGC	CCGTCAATTCMTTTRAGT	male	Tongue_dorsum	Oral	1
SRS018817.SRX020530	SRS018817.SRX020530.V35	765135172	700037252		700037284	SRX020530	SRR045867	SRS018817	V35	TCAGAAGCCGC	CCGTCAATTCMTTTRAGT	male	Stool	Gastrointestinal_tract	1
SRS018817.SRX020576	SRS018817.SRX020576.V35	765135172	700037252		700037284	SRX020576	SRR046200	SRS018817	V35	TCAGAAGCCGC	CCGTCAATTCMTTTRAGT	male	Stool	Gastrointestinal_tract	1
SRS019081.SRX020538	SRS019081.SRX020538.V35	764083206	700037535		700037552	SRX020538	SRR044655	SRS019081	V35	TCAGTCTTGGC	CCGTCAATTCMTTTRAGT	male	Right_Retroauricular_crease	Skin	2
SRS019081.SRX020545	SRS019081.SRX020545.V35	764083206	700037535		700037552	SRX020545	SRR047459	SRS019081	V35	TCAGTCTTGGC	CCGTCAATTCMTTTRAGT	male	Right_Retroauricular_crease	Skin	2
SRS019081.SRX020553	SRS019081.SRX020553.V35	764083206	700037535		700037552	SRX020553	SRR044684	SRS019081	V35	TCAGTCTTGGC	CCGTCAATTCMTTTRAGT	male	Right_Retroauricular_crease	Skin	2
SRS019081.SRX020564	SRS019081.SRX020564.V35	764083206	700037535		700037552	SRX020564	SRR044719	SRS019081	V35	TCAGTCTTGGC	CCGTCAATTCMTTTRAGT	male	Right_Retroauricular_crease	Skin	2
SRS019087.SRX020538	SRS019087.SRX020538.V35	764083206	700037538		700037558	SRX020538	SRR044642	SRS019087	V35	TCAGTCCGCTC	CCGTCAATTCMTTTRAGT	male	Anterior_nares	Airways	2
SRS019087.SRX020545	SRS019087.SRX020545.V35	764083206	700037538		700037558	SRX020545	SRR044734	SRS019087	V35	TCAGTCCGCTC	CCGTCAATTCMTTTRAGT	male	Anterior_nares	Airways	2
SRS019087.SRX020553	SRS019087.SRX020553.V35	764083206	700037538		700037558	SRX020553	SRR044672	SRS019087	V35	TCAGTCCGCTC	CCGTCAATTCMTTTRAGT	male	Anterior_nares	Airways	2
SRS019087.SRX020564	SRS019087.SRX020564.V35	764083206	700037538		700037558	SRX020564	SRR047452	SRS019087	V35	TCAGTCCGCTC	CCGTCAATTCMTTTRAGT	male	Anterior_nares	Airways	2
SRS019267.SRX020522	SRS019267.SRX020522.V35	765034022	700037700		700037738	SRX020522	SRR044439	SRS019267	V35	TCAGAACCTGGC	CCGTCAATTCMTTTRAGT	female	Stool	Gastrointestinal_tract	1
SRS019582.SRX020551	SRS019582.SRX020551.V35	763597684	700038021		700038053	SRX020551	SRR045516	SRS019582	V35	TCAGACTCAC	CCGTCAATTCMTTTRAGT	male	Stool	Gastrointestinal_tract	2
SRS019582.SRX020560	SRS019582.SRX020560.V35	763597684	700038021		700038053	SRX020560	SRR047363	SRS019582	V35	TCAGACTCAC	CCGTCAATTCMTTTRAGT	male	Stool	Gastrointestinal_tract	2
SRS019685.SRX020530	SRS019685.SRX020530.V35	763678604	700038126		700038158	SRX020530	SRR045945	SRS019685	V35	TCAGAACCAGC	CCGTCAATTCMTTTRAGT	male	Stool	Gastrointestinal_tract	2
SRS019685.SRX020576	SRS019685.SRX020576.V35	763678604	700038126		700038158	SRX020576	SRR046224	SRS019685	V35	TCAGAACCAGC	CCGTCAATTCMTTTRAGT	male	Stool	Gastrointestinal_tract	2
SRS019787.SRX020535	SRS019787.SRX020535.V35	764669880	700038231		700038263	SRX020535	SRR043980	SRS019787	V35	TCAGATACCAC	CCGTCAATTCMTTTRAGT	male	Stool	Gastrointestinal_tract	2
SRS019894.SRX020522	SRS019894.SRX020522.V35	764892411	700038346		700038370	SRX020522	SRR044391	SRS019894	V35	TCAGCTTCCTTC	CCGTCAATTCMTTTRAGT	male	Tongue_dorsum	Oral	2
SRS019906.SRX020522	SRS019906.SRX020522.V35	764892411	700038352		700038382	SRX020522	SRR044378	SRS019906	V35	TCAGCCGTTCAC	CCGTCAATTCMTTTRAGT	male	Supragingival_plaque	Oral	2
SRS019910.SRX020522	SRS019910.SRX020522.V35	764892411	700038354		700038386	SRX020522	SRR044428	SRS019910	V35	TCAGACCGGAAGC	CCGTCAATTCMTTTRAGT	male	Stool	Gastrointestinal_tract	2
SRS049959.SRX020530	SRS049959.SRX020530.V35	765701615	700038392		700038414	SRX020530	SRR045933	SRS049959	V35	TCAGACGAAGTC	CCGTCAATTCMTTTRAGT	male	Stool	Gastrointestinal_tract	1
SRS049959.SRX020576	SRS049959.SRX020576.V35	765701615	700038392		700038414	SRX020576	SRR046215	SRS049959	V35	TCAGACGAAGTC	CCGTCAATTCMTTTRAGT	male	Stool	Gastrointestinal_tract	1
SRS049389.SRX020530	SRS049389.SRX020530.V35	765701615	700038395		700038420	SRX020530	SRR045932	SRS049389	V35	TCAGAACACAAC	CCGTCAATTCMTTTRAGT	male	Tongue_dorsum	Oral	1
SRS049389.SRX020576	SRS049389.SRX020576.V35	765701615	700038395		700038420	SRX020576	SRR046214	SRS049389	V35	TCAGAACACAAC	CCGTCAATTCMTTTRAGT	male	Tongue_dorsum	Oral	1
SRS047219.SRX020551	SRS047219.SRX020551.V35	763536994	700038437		700038456	SRX020551	SRR045542	SRS047219	V35	TCAGTGGTTGGTC	CCGTCAATTCMTTTRAGT	male	Tongue_dorsum	Oral	2
SRS047219.SRX020560	SRS047219.SRX020560.V35	763536994	700038437		700038456	SRX020560	SRR043643	SRS047219	V35	TCAGAGGTTGTC	CCGTCAATTCMTTTRAGT	male	Tongue_dorsum	Oral	2
SRS050422.SRX020551	SRS050422.SRX020551.V35	763536994	700038445		700038472	SRX020551	SRR045544	SRS050422	V35	TCAGACTAATTC	CCGTCAATTCMTTTRAGT	male	Stool	Gastrointestinal_tract	2
SRS050422.SRX020560	SRS050422.SRX020560.V35	763536994	700038445		700038472	SRX020560	SRR043613	SRS050422	V35	TCAGAAGAAGAC	CCGTCAATTCMTTTRAGT	male	Stool	Gastrointestinal_tract	2
SRS042643.SRX020531	SRS042643.SRX020531.V35	404239096	700038581		700038600	SRX020531	SRR046038	SRS042643	V35	TCAGTCACCTC	CCGTCAATTCMTTTRAGT	male	Tongue_dorsum	Oral	1
SRS042643.SRX020544	SRS042643.SRX020544.V35	404239096	700038581		700038600	SRX020544	SRR049340	SRS042643	V35	TCAGTCACCTC	CCGTCAATTCMTTTRAGT	male	Tongue_dorsum	Oral	1
SRS053335.SRX020531	SRS053335.SRX020531.V35	508703490	700038741		700038761	SRX020531	SRR046056	SRS053335	V35	TCAGACTTGC	CCGTCAATTCMTTTRAGT	female	Stool	Gastrointestinal_tract	1
SRS053335.SRX020544	SRS053335.SRX020544.V35	508703490	700038741		700038761	SRX020544	SRR049343	SRS053335	V35	TCAGACTTGC	CCGTCAATTCMTTTRAGT	female	Stool	Gastrointestinal_tract	1
SRS020233.SRX019683	SRS020233.SRX019683.V35	160400887	700095467		700095486	SRX019683	SRR041135	SRS020233	V35	TCAGTTCGCGAC	CCGTCAATTCMTTTRAGT	male	Stool	Gastrointestinal_tract	1
SRS020233.SRX019694	SRS020233.SRX019694.V35	160400887	700095467		700095486	SRX019694	SRR041766	SRS020233	V35	TCAGTTCGCGAC	CCGTCAATTCMTTTRAGT	male	Stool	Gastrointestinal_tract	1
SRS020261.SRX019635	SRS020261.SRX019635.V35	160400887	700095481		700095514	SRX019635	SRR040628	SRS020261	V35	TCAGACCTGAAC	CCGTCAATTCMTTTRAGT	male	Left_Retroauricular_crease	Skin	1
SRS020261.SRX019636	SRS020261.SRX019636.V35	160400887	700095481		700095514	SRX019636	SRR040702	SRS020261	V35	TCAGACCTGAAC	CCGTCAATTCMTTTRAGT	male	Left_Retroauricular_crease	Skin	1
SRS020263.SRX019635	SRS020263.SRX019635.V35	160400887	700095482		700095516	SRX019635	SRR040682	SRS020263	V35	TCAGTTGACAAC	CCGTCAATTCMTTTRAGT	male	Right_Retroauricular_crease	Skin	1
SRS020263.SRX019636	SRS020263.SRX019636.V35	160400887	700095482		700095516	SRX019636	SRR040621	SRS020263	V35	TCAGTTGACAAC	CCGTCAATTCMTTTRAGT	male	Right_Retroauricular_crease	Skin	1
SRS020386.SRX019691	SRS020386.SRX019691.V35	160704339	700095665		700095705	SRX019691	SRR041620	SRS020386	V35	TCAGTTATTCCTTC	CCGTCAATTCMTTTRAGT	female	Anterior_nares	Airways	1
SRS020386.SRX020199	SRS020386.SRX020199.V35	160704339	700095665		700095705	SRX020199	SRR042958	SRS020386	V35	TCAGTTATTCCTTC	CCGTCAATTCMTTTRAGT	female	Anterior_nares	Airways	1
SRS020869.SRX019691	SRS020869.SRX019691.V35	160765029	700096361		700096380	SRX019691	SRR041542	SRS020869	V35	TCAGAACCGGATAC	CCGTCAATTCMTTTRAGT	male	Stool	Gastrointestinal_tract	1
SRS021484.SRX019690	SRS021484.SRX019690.V35	158479027	700097177		700097196	SRX019690	SRR041529	SRS021484	V35	TCAGACGGCTC	CCGTCAATTCMTTTRAGT	male	Stool	Gastrointestinal_tract	2
SRS021496.SRX019690	SRS021496.SRX019690.V35	158479027	700097183		700097208	SRX019690	SRR041582	SRS021496	V35	TCAGAACAACTC	CCGTCAATTCMTTTRAGT	male	Tongue_dorsum	Oral	2
SRS022006.SRX019635	SRS022006.SRX019635.V35	158256496	700097706		700097746	SRX019635	SRR040577	SRS022006	V35	TCAGACTTGC	CCGTCAATTCMTTTRAGT	female	Anterior_nares	Airways	2
SRS022006.SRX019636	SRS022006.SRX019636.V35	158256496	700097706		700097746	SRX019636	SRR040612	SRS022006	V35	TCAGACTTGC	CCGTCAATTCMTTTRAGT	female	Anterior_nares	Airways	2
SRS022129.SRX019690	SRS022129.SRX019690.V35	158337416	700097855		700097895	SRX019690	SRR041603	SRS022129	V35	TCAGAGCTTC	CCGTCAATTCMTTTRAGT	female	Anterior_nares	Airways	2
SRS022129.SRX019698	SRS022129.SRX019698.V35	158337416	700097855		700097895	SRX019698	SRR041751	SRS022129	V35	TCAGAGCTTC	CCGTCAATTCMTTTRAGT	female	Anterior_nares	Airways	2
SRS022129.SRX020202	SRS022129.SRX020202.V35	158337416	700097855		700097895	SRX020202	SRR042815	SRS022129	V35	TCAGAGCTTC	CCGTCAATTCMTTTRAGT	female	Anterior_nares	Airways	2
SRS022129.SRX020204	SRS022129.SRX020204.V35	158337416	700097855		700097895	SRX020204	SRR043024	SRS022129	V35	TCAGAGCTTC	CCGTCAATTCMTTTRAGT	female	Anterior_nares	Airways	2
SRS022609.SRX019692	SRS022609.SRX019692.V35	158499257	700098542		700098561	SRX019692	SRR041777	SRS022609	V35	TCAGTGAAGC	CCGTCAATTCMTTTRAGT	male	Stool	Gastrointestinal_tract	2
SRS022609.SRX019696	SRS022609.SRX019696.V35	158499257	700098542		700098561	SRX019696	SRR041852	SRS022609	V35	TCAGTGAAGC	CCGTCAATTCMTTTRAGT	male	Stool	Gastrointestinal_tract	2
SRS022621.SRX019692	SRS022621.SRX019692.V35	158499257	700098548		700098573	SRX019692	SRR041734	SRS022621	V35	TCAGAGCTTC	CCGTCAATTCMTTTRAGT	male	Tongue_dorsum	Oral	2
SRS022621.SRX019696	SRS022621.SRX019696.V35	158499257	700098548		700098573	SRX019696	SRR041948	SRS022621	V35	TCAGAGCTTC	CCGTCAATTCMTTTRAGT	male	Tongue_dorsum	Oral	2
SRS022625.SRX019692	SRS022625.SRX019692.V35	158499257	700098550		700098577	SRX019692	SRR041904	SRS022625	V35	TCAGACTTGC	CCGTCAATTCMTTTRAGT	male	Buccal_mucosa	Oral	2
SRS022625.SRX019696	SRS022625.SRX019696.V35	158499257	700098550		700098577	SRX019696	SRR041742	SRS022625	V35	TCAGACTTGC	CCGTCAATTCMTTTRAGT	male	Buccal_mucosa	Oral	2
SRS022645.SRX019692	SRS022645.SRX019692.V35	158499257	700098560		700098597	SRX019692	SRR041722	SRS022645	V35	TCAGAAGCCGC	CCGTCAATTCMTTTRAGT	male	Anterior_nares	Airways	2
SRS022645.SRX019696	SRS022645.SRX019696.V35	158499257	700098560		700098597	SRX019696	SRR042011	SRS022645	V35	TCAGAAGCCGC	CCGTCAATTCMTTTRAGT	male	Anterior_nares	Airways	2
SRS023176.SRX019692	SRS023176.SRX019692.V35	158924089	700099288		700099307	SRX019692	SRR041890	SRS023176	V35	TCAGCGGTATC	CCGTCAATTCMTTTRAGT	male	Stool	Gastrointestinal_tract	2
SRS023176.SRX019696	SRS023176.SRX019696.V35	158924089	700099288		700099307	SRX019696	SRR041953	SRS023176	V35	TCAGCGGTATC	CCGTCAATTCMTTTRAGT	male	Stool	Gastrointestinal_tract	2
SRS023557.SRX019686	SRS023557.SRX019686.V35	158802708	700099809		700099834	SRX019686	SRR041276	SRS023557	V35	TCAGCGACTC	CCGTCAATTCMTTTRAGT	male	Tongue_dorsum	Oral	2
SRS023617.SRX019635	SRS023617.SRX019635.V35	159005010	700099892		700099920	SRX019635	SRR040579	SRS023617	V35	TCAGAAGCCGC	CCGTCAATTCMTTTRAGT	female	Tongue_dorsum	Oral	2
SRS023617.SRX019636	SRS023617.SRX019636.V35	159005010	700099892		700099920	SRX019636	SRR040772	SRS023617	V35	TCAGAAGCCGC	CCGTCAATTCMTTTRAGT	female	Tongue_dorsum	Oral	2
SRS023914.SRX019690	SRS023914.SRX019690.V35	159268001	700100293		700100312	SRX019690	SRR041629	SRS023914	V35	TCAGTGACCGTC	CCGTCAATTCMTTTRAGT	male	Stool	Gastrointestinal_tract	2
SRS023926.SRX019690	SRS023926.SRX019690.V35	159268001	700100299		700100324	SRX019690	SRR041633	SRS023926	V35	TCAGTTATCGGC	CCGTCAATTCMTTTRAGT	male	Tongue_dorsum	Oral	2
SRS023938.SRX019690	SRS023938.SRX019690.V35	159268001	700100305		700100336	SRX019690	SRR041514	SRS023938	V35	TCAGCCACGGTC	CCGTCAATTCMTTTRAGT	male	Supragingival_plaque	Oral	2
SRS023971.SRX019681	SRS023971.SRX019681.V35	159369152	700100413		700100432	SRX019681	SRR040944	SRS023971	V35	TCAGCCGGCCAC	CCGTCAATTCMTTTRAGT	male	Stool	Gastrointestinal_tract	2
SRS023987.SRX019681	SRS023987.SRX019681.V35	159369152	700100421		700100448	SRX019681	SRR040912	SRS023987	V35	TCAGAATGGTAC	CCGTCAATTCMTTTRAGT	male	Buccal_mucosa	Oral	2
SRS024064.SRX019681	SRS024064.SRX019681.V35	159247771	700100489		700100526	SRX019681	SRR040877	SRS024064	V35	TCAGAACCAGC	CCGTCAATTCMTTTRAGT	female	Anterior_nares	Airways	2
SRS024064.SRX020198	SRS024064.SRX020198.V35	159247771	700100489		700100526	SRX020198	SRR042935	SRS024064	V35	TCAGAACCAGC	CCGTCAATTCMTTTRAGT	female	Anterior_nares	Airways	2
SRS024265.SRX019692	SRS024265.SRX019692.V35	158944319	700101224		700101243	SRX019692	SRR041911	SRS024265	V35	TCAGAGTCGAC	CCGTCAATTCMTTTRAGT	female	Stool	Gastrointestinal_tract	2
SRS024265.SRX019696	SRS024265.SRX019696.V35	158944319	700101224		700101243	SRX019696	SRR042014	SRS024265	V35	TCAGAGTCGAC	CCGTCAATTCMTTTRAGT	female	Stool	Gastrointestinal_tract	2
SRS024277.SRX019692	SRS024277.SRX019692.V35	158944319	700101230		700101255	SRX019692	SRR041730	SRS024277	V35	TCAGAAGGCAC	CCGTCAATTCMTTTRAGT	female	Tongue_dorsum	Oral	2
SRS024277.SRX019696	SRS024277.SRX019696.V35	158944319	700101230		700101255	SRX019696	SRR041844	SRS024277	V35	TCAGAAGGCAC	CCGTCAATTCMTTTRAGT	female	Tongue_dorsum	Oral	2
SRS024289.SRX019692	SRS024289.SRX019692.V35	158944319	700101236		700101267	SRX019692	SRR041936	SRS024289	V35	TCAGTTCATAC	CCGTCAATTCMTTTRAGT	female	Supragingival_plaque	Oral	2
SRS024289.SRX019696	SRS024289.SRX019696.V35	158944319	700101236		700101267	SRX019696	SRR041999	SRS024289	V35	TCAGTTCATAC	CCGTCAATTCMTTTRAGT	female	Supragingival_plaque	Oral	2
SRS024301.SRX019692	SRS024301.SRX019692.V35	158944319	700101242		700101279	SRX019692	SRR041877	SRS024301	V35	TCAGAACAACTC	CCGTCAATTCMTTTRAGT	female	Anterior_nares	Airways	2
SRS024301.SRX019696	SRS024301.SRX019696.V35	158944319	700101242		700101279	SRX019696	SRR041919	SRS024301	V35	TCAGAACAACTC	CCGTCAATTCMTTTRAGT	female	Anterior_nares	Airways	2
SRS024331.SRX019684	SRS024331.SRX019684.V35	159551223	700101347		700101366	SRX019684	SRR041132	SRS024331	V35	TCAGAACGCGGAC	CCGTCAATTCMTTTRAGT	male	Stool	Gastrointestinal_tract	2
SRS024331.SRX019695	SRS024331.SRX019695.V35	159551223	700101347		700101366	SRX019695	SRR041801	SRS024331	V35	TCAGAACGCGGAC	CCGTCAATTCMTTTRAGT	male	Stool	Gastrointestinal_tract	2
SRS024347.SRX019684	SRS024347.SRX019684.V35	159551223	700101355		700101382	SRX019684	SRR041095	SRS024347	V35	TCAGTCCTGGAAC	CCGTCAATTCMTTTRAGT	male	Buccal_mucosa	Oral	2
SRS024347.SRX019695	SRS024347.SRX019695.V35	159551223	700101355		700101382	SRX019695	SRR041835	SRS024347	V35	TCAGTCCTGGAAC	CCGTCAATTCMTTTRAGT	male	Buccal_mucosa	Oral	2
SRS024355.SRX019684	SRS024355.SRX019684.V35	159551223	700101359		700101390	SRX019684	SRR041014	SRS024355	V35	TCAGAACCTTATC	CCGTCAATTCMTTTRAGT	male	Supragingival_plaque	Oral	2
SRS024355.SRX019695	SRS024355.SRX019695.V35	159551223	700101359		700101390	SRX019695	SRR041762	SRS024355	V35	TCAGAACCTTATC	CCGTCAATTCMTTTRAGT	male	Supragingival_plaque	Oral	2
SRS024388.SRX019683	SRS024388.SRX019683.V35	159713063	700101515		700101534	SRX019683	SRR041171	SRS024388	V35	TCAGACGAAGTC	CCGTCAATTCMTTTRAGT	female	Stool	Gastrointestinal_tract	2
SRS024388.SRX019694	SRS024388.SRX019694.V35	159713063	700101515		700101534	SRX019694	SRR041961	SRS024388	V35	TCAGACGAAGTC	CCGTCAATTCMTTTRAGT	female	Stool	Gastrointestinal_tract	2
SRS024388.SRX020358	SRS024388.SRX020358.V35	159713063	700101515		700101534	SRX020358	SRR043286	SRS024388	V35	TCAGACGAAGTC	CCGTCAATTCMTTTRAGT	female	Stool	Gastrointestinal_tract	2
SRS024388.SRX020363	SRS024388.SRX020363.V35	159713063	700101515		700101534	SRX020363	SRR043264	SRS024388	V35	TCAGACGAAGTC	CCGTCAATTCMTTTRAGT	female	Stool	Gastrointestinal_tract	2
SRS024424.SRX019635	SRS024424.SRX019635.V35	159713063	700101533		700101570	SRX019635	SRR040671	SRS024424	V35	TCAGTCTCGAC	CCGTCAATTCMTTTRAGT	female	Anterior_nares	Airways	2
SRS024424.SRX019636	SRS024424.SRX019636.V35	159713063	700101533		700101570	SRX019636	SRR040668	SRS024424	V35	TCAGTCTCGAC	CCGTCAATTCMTTTRAGT	female	Anterior_nares	Airways	2
SRS024470.SRX019684	SRS024470.SRX019684.V35	159571453	700101589		700101616	SRX019684	SRR041082	SRS024470	V35	TCAGCCGTCGGTTC	CCGTCAATTCMTTTRAGT	male	Buccal_mucosa	Oral	2
SRS024470.SRX019695	SRS024470.SRX019695.V35	159571453	700101589		700101616	SRX019695	SRR042003	SRS024470	V35	TCAGCCGTCGGTTC	CCGTCAATTCMTTTRAGT	male	Buccal_mucosa	Oral	2
SRS024482.SRX019684	SRS024482.SRX019684.V35	159571453	700101595		700101628	SRX019684	SRR041075	SRS024482	V35	TCAGTTCGGACCAC	CCGTCAATTCMTTTRAGT	male	Left_Retroauricular_crease	Skin	2
SRS024482.SRX019695	SRS024482.SRX019695.V35	159571453	700101595		700101628	SRX019695	SRR041967	SRS024482	V35	TCAGTTCGGACCAC	CCGTCAATTCMTTTRAGT	male	Left_Retroauricular_crease	Skin	2
SRS024580.SRX019639	SRS024580.SRX019639.V35	159591683	700101846		700101871	SRX019639	SRR040781	SRS024580	V35	TCAGTCCGGAAGGC	CCGTCAATTCMTTTRAGT	male	Tongue_dorsum	Oral	2
SRS024596.SRX019639	SRS024596.SRX019639.V35	159591683	700101854		700101887	SRX019639	SRR040718	SRS024596	V35	TCAGAACCGCCTTC	CCGTCAATTCMTTTRAGT	male	Left_Retroauricular_crease	Skin	2
SRS024598.SRX019639	SRS024598.SRX019639.V35	159591683	700101855		700101889	SRX019639	SRR040790	SRS024598	V35	TCAGCCGTTAATTC	CCGTCAATTCMTTTRAGT	male	Right_Retroauricular_crease	Skin	2
SRS024625.SRX019687	SRS024625.SRX019687.V35	159611913	700101897		700101916	SRX019687	SRR041243	SRS024625	V35	TCAGAACGCGGAC	CCGTCAATTCMTTTRAGT	male	Stool	Gastrointestinal_tract	2
SRS024637.SRX019687	SRS024637.SRX019687.V35	159611913	700101903		700101928	SRX019687	SRR041244	SRS024637	V35	TCAGTGGTCCGTTC	CCGTCAATTCMTTTRAGT	male	Tongue_dorsum	Oral	2
SRS024649.SRX019687	SRS024649.SRX019687.V35	159611913	700101909		700101940	SRX019687	SRR041318	SRS024649	V35	TCAGAACCTTATC	CCGTCAATTCMTTTRAGT	male	Supragingival_plaque	Oral	2
SRS024655.SRX019687	SRS024655.SRX019687.V35	159611913	700101912		700101946	SRX019687	SRR041327	SRS024655	V35	TCAGAACTTCGGTC	CCGTCAATTCMTTTRAGT	male	Right_Retroauricular_crease	Skin	2
SRS058182.SRX019682	SRS058182.SRX019682.V35	159490532	700102371		700102405	SRX019682	SRR040988	SRS058182	V35	TCAGTCCGGTCAC	CCGTCAATTCMTTTRAGT	male	Right_Retroauricular_crease	Skin	2
SRS044474.SRX019682	SRS044474.SRX019682.V35	159490532	700102374		700102411	SRX019682	SRR040991	SRS044474	V35	TCAGAGGTCCTTC	CCGTCAATTCMTTTRAGT	male	Anterior_nares	Airways	2
SRS058770.SRX019682	SRS058770.SRX019682.V35	160158126	700102413		700102432	SRX019682	SRR040853	SRS058770	V35	TCAGTTAATTCCAC	CCGTCAATTCMTTTRAGT	male	Stool	Gastrointestinal_tract	2
SRS057692.SRX019682	SRS057692.SRX019682.V35	160158126	700102419		700102444	SRX019682	SRR040921	SRS057692	V35	TCAGTCCACCGTTC	CCGTCAATTCMTTTRAGT	male	Tongue_dorsum	Oral	2
SRS047634.SRX019682	SRS047634.SRX019682.V35	160158126	700102425		700102456	SRX019682	SRR040901	SRS047634	V35	TCAGTTCAACGGTC	CCGTCAATTCMTTTRAGT	male	Supragingival_plaque	Oral	2
SRS045197.SRX020563	SRS045197.SRX020563.V35	765094712	700103614		700103639	SRX020563	SRR046395	SRS045197	V35	TCAGACCTTGGTC	CCGTCAATTCMTTTRAGT	male	Supragingival_plaque	Oral	2
SRS051600.SRX020518	SRS051600.SRX020518.V35	765094712	700103620		700103651	SRX020518	SRR049606	SRS051600	V35	TCAGAAGAGTTC	CCGTCAATTCMTTTRAGT	male	Anterior_nares	Airways	2
SRS044742.SRX020665	SRS044742.SRX020665.V35	763759525	700103671		700103708	SRX020665	SRR046312	SRS044742	V35	TCAGACGAAGTC	CCGTCAATTCMTTTRAGT	female	Posterior_fornix	Urogenital_tract	2
SRS043411.SRX020580	SRS043411.SRX020580.V35	763759525	700103672		700103710	SRX020580	SRR047142	SRS043411	V35	TCAGTTCGTGGC	CCGTCAATTCMTTTRAGT	female	Stool	Gastrointestinal_tract	2
SRS051031.SRX020542	SRS051031.SRX020542.V35	764487809	700105355		700105372	SRX020542	SRR046376	SRS051031	V35	TCAGTATTGAC	CCGTCAATTCMTTTRAGT	male	Stool	Gastrointestinal_tract	2
SRS048870.SRX020535	SRS048870.SRX020535.V35	764184357	700106018		700106056	SRX020535	SRR044103	SRS048870	V35	TCAGCCGGCCAC	CCGTCAATTCMTTTRAGT	female	Stool	Gastrointestinal_tract	2
SRS052697.SRX020514	SRS052697.SRX020514.V35	706846339	700106132		700106170	SRX020514	SRR049639	SRS052697	V35	TCAGACCGTAATC	CCGTCAATTCMTTTRAGT	female	Stool	Gastrointestinal_tract	1
SRS054590.SRX020514	SRS054590.SRX020514.V35	338793263	700106437		700106465	SRX020514	SRR046698	SRS054590	V35	TCAGTGTCCGGTC	CCGTCAATTCMTTTRAGT	female	Stool	Gastrointestinal_tract	1
SRS043701.SRX019688	SRS043701.SRX019688.V35	159814214	700107040		700107059	SRX019688	SRR041426	SRS043701	V35	TCAGAATAACCGTC	CCGTCAATTCMTTTRAGT	male	Stool	Gastrointestinal_tract	2
SRS047113.SRX019688	SRS047113.SRX019688.V35	159814214	700107052		700107083	SRX019688	SRR041431	SRS047113	V35	TCAGTCCGGAAGGC	CCGTCAATTCMTTTRAGT	male	Supragingival_plaque	Oral	2
SRS047225.SRX019688	SRS047225.SRX019688.V35	159814214	700107058		700107095	SRX019688	SRR041404	SRS047225	V35	TCAGAACGGAACGC	CCGTCAATTCMTTTRAGT	male	Anterior_nares	Airways	2
SRS047225.SRX020196	SRS047225.SRX020196.V35	159814214	700107058		700107095	SRX020196	SRR042808	SRS047225	V35	TCAGAACGGAACGC	CCGTCAATTCMTTTRAGT	male	Anterior_nares	Airways	2
SRS047225.SRX020197	SRS047225.SRX020197.V35	159814214	700107058		700107095	SRX020197	SRR042796	SRS047225	V35	TCAGAACGGAACGC	CCGTCAATTCMTTTRAGT	male	Anterior_nares	Airways	2
SRS062427.SRX020528	SRS062427.SRX020528.V35	763536994	700113599		700113616	SRX020528	SRR046888	SRS062427	V35	TCAGCACGC	CCGTCAATTCMTTTRAGT	male	Stool	Gastrointestinal_tract	3
SRS062544.SRX020528	SRS062544.SRX020528.V35	763536994	700113602		700113622	SRX020528	SRR046741	SRS062544	V35	TCAGTGAAGC	CCGTCAATTCMTTTRAGT	male	Tongue_dorsum	Oral	3
SRS063287.SRX020528	SRS063287.SRX020528.V35	763536994	700113604		700113626	SRX020528	SRR046822	SRS063287	V35	TCAGTCACAC	CCGTCAATTCMTTTRAGT	male	Buccal_mucosa	Oral	3
SRS064493.SRX020528	SRS064493.SRX020528.V35	763536994	700113608		700113634	SRX020528	SRR046748	SRS064493	V35	TCAGACTCAC	CCGTCAATTCMTTTRAGT	male	Supragingival_plaque	Oral	3
SRS064276.SRX020665	SRS064276.SRX020665.V35	763840445	700114105		700114125	SRX020665	SRR046311	SRS064276	V35	TCAGAACACAAC	CCGTCAATTCMTTTRAGT	female	Stool	Gastrointestinal_tract	2
SRS063417.SRX020665	SRS063417.SRX020665.V35	763840445	700114123		700114161	SRX020665	SRR046276	SRS063417	V35	TCAGTGTCGGAC	CCGTCAATTCMTTTRAGT	female	Posterior_fornix	Urogenital_tract	2
SRS065179.SRX020528	SRS065179.SRX020528.V35	764042746	700114428		700114452	SRX020528	SRR046832	SRS065179	V35	TCAGAACACAAC	CCGTCAATTCMTTTRAGT	female	Anterior_nares	Airways	2
SRS062540.SRX020548	SRS062540.SRX020548.V35	764042746	700114434		700114464	SRX020548	SRR047347	SRS062540	V35	TCAGACGGCTC	CCGTCAATTCMTTTRAGT	female	Tongue_dorsum	Oral	2
SRS065310.SRX020528	SRS065310.SRX020528.V35	764042746	700114440		700114476	SRX020528	SRR046814	SRS065310	V35	TCAGACTAATTC	CCGTCAATTCMTTTRAGT	female	Supragingival_plaque	Oral	2
SRS064557.SRX020528	SRS064557.SRX020528.V35	764042746	700114442		700114480	SRX020528	SRR046745	SRS064557	V35	TCAGTGTCGGAC	CCGTCAATTCMTTTRAGT	female	Stool	Gastrointestinal_tract	2
SRS065278.SRX020528	SRS065278.SRX020528.V35	763901136	700114599		700114621	SRX020528	SRR046752	SRS065278	V35	TCAGCGTCGTC	CCGTCAATTCMTTTRAGT	female	Tongue_dorsum	Oral	2
SRS064809.SRX020528	SRS064809.SRX020528.V35	763901136	700114601		700114625	SRX020528	SRR049516	SRS064809	V35	TCAGAACAACTC	CCGTCAATTCMTTTRAGT	female	Buccal_mucosa	Oral	2
SRS063603.SRX020528	SRS063603.SRX020528.V35	763901136	700114605		700114633	SRX020528	SRR046763	SRS063603	V35	TCAGTAGGAATC	CCGTCAATTCMTTTRAGT	female	Supragingival_plaque	Oral	2
SRS065347.SRX020528	SRS065347.SRX020528.V35	763901136	700114614		700114651	SRX020528	SRR046833	SRS065347	V35	TCAGACGAAGTC	CCGTCAATTCMTTTRAGT	female	Posterior_fornix	Urogenital_tract	2
SRS063985.SRX020528	SRS063985.SRX020528.V35	763901136	700114615		700114653	SRX020528	SRR046830	SRS063985	V35	TCAGTTCGTGGC	CCGTCAATTCMTTTRAGT	female	Stool	Gastrointestinal_tract	2
700014562	700014562.V35.241810				700014562	Unavailable	715342091112.2.TCAG	SRS011061	V35	TCAGCCAGGAC	CCGTCAATTCMTTTRAGT	female	Stool	Gastrointestinal_tract	1
700014739	700014739.V35.241810				700014739	Unavailable	715342091112.2.TCAG	SRS011090	V35	TCAGCGTCGTC	CCGTCAATTCMTTTRAGT	female	Buccal_mucosa	Oral	1
700014751	700014751.V35.241810				700014751	Unavailable	715342091112.2.TCAG	SRS011098	V35	TCAGTGCCGAAC	CCGTCAATTCMTTTRAGT	female	Supragingival_plaque	Oral	1
700014815	700014815.V35.241722				700014815	Unavailable	720589091112.2.TCAG	SRS011126	V35	TCAGTCACAC	CCGTCAATTCMTTTRAGT	male	Supragingival_plaque	Oral	1
700014837	700014837.V35.241820				700014837	Unavailable	720589091112.2.TCAG	SRS011134	V35	TCAGAGCTTC	CCGTCAATTCMTTTRAGT	male	Stool	Gastrointestinal_tract	1
700014929	700014929.V35.241820				700014929	Unavailable	720589091112.2.TCAG	SRS011140	V35	TCAGCAAGAAC	CCGTCAATTCMTTTRAGT	male	Tongue_dorsum	Oral	1
700014933	700014933.V35.241820				700014933	Unavailable	720589091112.2.TCAG	SRS011144	V35	TCAGTATCAAC	CCGTCAATTCMTTTRAGT	male	Buccal_mucosa	Oral	1
700014941	700014941.V35.241820				700014941	Unavailable	720589091112.2.TCAG	SRS011152	V35	TCAGACAAGGC	CCGTCAATTCMTTTRAGT	male	Supragingival_plaque	Oral	1
700015181	700015181.V35.241719				700015181	Unavailable	715342091112.2.TCAG	SRS011239	V35	TCAGTTCTTGAC	CCGTCAATTCMTTTRAGT	female	Stool	Gastrointestinal_tract	1
700015199	700015199.V35.241719				700015199	Unavailable	715342091112.2.TCAG	SRS011243	V35	TCAGTTCGCGAC	CCGTCAATTCMTTTRAGT	female	Tongue_dorsum	Oral	1
700015205	700015205.V35.241719				700015205	Unavailable	715342091112.2.TCAG	SRS011247	V35	TCAGACCTGAAC	CCGTCAATTCMTTTRAGT	female	Buccal_mucosa	Oral	1
700015217	700015217.V35.241719				700015217	Unavailable	715342091112.2.TCAG	SRS011255	V35	TCAGCGGTCTTC	CCGTCAATTCMTTTRAGT	female	Supragingival_plaque	Oral	1
700015235	700015235.V35.241719				700015235	Unavailable	715342091112.2.TCAG	SRS011263	V35	TCAGACGAGAAC	CCGTCAATTCMTTTRAGT	female	Anterior_nares	Airways	1
700015244	700015244.V35.241719				700015244	Unavailable	715342091112.2.TCAG	SRS011269	V35	TCAGTTGTGTTC	CCGTCAATTCMTTTRAGT	female	Posterior_fornix	Urogenital_tract	1
700015415	700015415.V35.241712				700015415	Unavailable	720589091112.2.TCAG	SRS011302	V35	TCAGAAGAGTTC	CCGTCAATTCMTTTRAGT	female	Stool	Gastrointestinal_tract	1
700015430	700015430.V35.241712				700015430	Unavailable	720589091112.2.TCAG	SRS011306	V35	TCAGTCCAGAAC	CCGTCAATTCMTTTRAGT	female	Tongue_dorsum	Oral	1
700015436	700015436.V35.241712				700015436	Unavailable	720589091112.2.TCAG	SRS011310	V35	TCAGAAGGCCTC	CCGTCAATTCMTTTRAGT	female	Buccal_mucosa	Oral	1
700015552	700015552.V35.241712				700015552	Unavailable	720589091112.2.TCAG	SRS011343	V35	TCAGAGGTTGTC	CCGTCAATTCMTTTRAGT	female	Supragingival_plaque	Oral	1
700015579	700015579.V35.241712				700015579	Unavailable	720589091112.2.TCAG	SRS011355	V35	TCAGAACTGTTC	CCGTCAATTCMTTTRAGT	female	Posterior_fornix	Urogenital_tract	1
SRS015450.SRX020538	SRS015450.SRX020538.V69	764083206	700024085		700024105	SRX020538	SRR044669	SRS015450	V69	TCAGAGGCGGC	TACGGYTACCTTGTTAYGACTT	male	Anterior_nares	Airways	1
SRS015450.SRX020545	SRS015450.SRX020545.V69	764083206	700024085		700024105	SRX020545	SRR044758	SRS015450	V69	TCAGAGGCGGC	TACGGYTACCTTGTTAYGACTT	male	Anterior_nares	Airways	1
SRS015450.SRX020553	SRS015450.SRX020553.V69	764083206	700024085		700024105	SRX020553	SRR044695	SRS015450	V69	TCAGAGGCGGC	TACGGYTACCTTGTTAYGACTT	male	Anterior_nares	Airways	1
SRS015450.SRX020564	SRS015450.SRX020564.V69	764083206	700024085		700024105	SRX020564	SRR044732	SRS015450	V69	TCAGAGGCGGC	TACGGYTACCTTGTTAYGACTT	male	Anterior_nares	Airways	1
SRS015470.SRX020538	SRS015470.SRX020538.V69	764083206	700024095		700024125	SRX020538	SRR044670	SRS015470	V69	TCAGAACCAGC	TACGGYTACCTTGTTAYGACTT	male	Supragingival_plaque	Oral	1
SRS015470.SRX020545	SRS015470.SRX020545.V69	764083206	700024095		700024125	SRX020545	SRR044759	SRS015470	V69	TCAGAACCAGC	TACGGYTACCTTGTTAYGACTT	male	Supragingival_plaque	Oral	1
SRS015470.SRX020553	SRS015470.SRX020553.V69	764083206	700024095		700024125	SRX020553	SRR044696	SRS015470	V69	TCAGAACCAGC	TACGGYTACCTTGTTAYGACTT	male	Supragingival_plaque	Oral	1
SRS015470.SRX020564	SRS015470.SRX020564.V69	764083206	700024095		700024125	SRX020564	SRR047457	SRS015470	V69	TCAGAACCAGC	TACGGYTACCTTGTTAYGACTT	male	Supragingival_plaque	Oral	1
SRS015921.SRX020510	SRS015921.SRX020510.V69	764305738	700024550		700024576	SRX020510	SRR044611	SRS015921	V69	TCAGTGGTGAAC	TACGGYTACCTTGTTAYGACTT	male	Buccal_mucosa	Oral	1
SRS015921.SRX020520	SRS015921.SRX020520.V69	764305738	700024550		700024576	SRX020520	SRR044641	SRS015921	V69	TCAGTGGTGAAC	TACGGYTACCTTGTTAYGACTT	male	Buccal_mucosa	Oral	1
SRS019081.SRX020538	SRS019081.SRX020538.V69	764083206	700037535		700037552	SRX020538	SRR044655	SRS019081	V69	TCAGTCTTGGC	TACGGYTACCTTGTTAYGACTT	male	Right_Retroauricular_crease	Skin	2
SRS019081.SRX020545	SRS019081.SRX020545.V69	764083206	700037535		700037552	SRX020545	SRR047459	SRS019081	V69	TCAGTCTTGGC	TACGGYTACCTTGTTAYGACTT	male	Right_Retroauricular_crease	Skin	2
SRS019081.SRX020553	SRS019081.SRX020553.V69	764083206	700037535		700037552	SRX020553	SRR044684	SRS019081	V69	TCAGTCTTGGC	TACGGYTACCTTGTTAYGACTT	male	Right_Retroauricular_crease	Skin	2
SRS019081.SRX020564	SRS019081.SRX020564.V69	764083206	700037535		700037552	SRX020564	SRR044719	SRS019081	V69	TCAGTCTTGGC	TACGGYTACCTTGTTAYGACTT	male	Right_Retroauricular_crease	Skin	2
SRS019087.SRX020538	SRS019087.SRX020538.V69	764083206	700037538		700037558	SRX020538	SRR044642	SRS019087	V69	TCAGTCCGCTC	TACGGYTACCTTGTTAYGACTT	male	Anterior_nares	Airways	2
SRS019087.SRX020545	SRS019087.SRX020545.V69	764083206	700037538		700037558	SRX020545	SRR044734	SRS019087	V69	TCAGTCCGCTC	TACGGYTACCTTGTTAYGACTT	male	Anterior_nares	Airways	2
SRS019087.SRX020553	SRS019087.SRX020553.V69	764083206	700037538		700037558	SRX020553	SRR044672	SRS019087	V69	TCAGTCCGCTC	TACGGYTACCTTGTTAYGACTT	male	Anterior_nares	Airways	2
SRS019087.SRX020564	SRS019087.SRX020564.V69	764083206	700037538		700037558	SRX020564	SRR047452	SRS019087	V69	TCAGTCCGCTC	TACGGYTACCTTGTTAYGACTT	male	Anterior_nares	Airways	2
M00278	M00278	M00278: PTS system, sorbose-specific II component	0	0	2.13528e-08	4.081e-10	0	4.37091e-07	8.89946e-06	0	0.000113501	0	0	0	0.000171215	0	5.51302e-05	0	0	0	2.902e-11	8.24583e-05	0	0	0	0	0	0	0	0.000287168	6.2966e-05	0	3.86947e-11	0	0	0	0	3.72024e-05	3.19487e-05	3.03684e-05	4.38536e-05	1.84408e-06	0.000347383	0	0	0	0	4.47242e-09	0	0.000118318	0	0	7.88766e-05	0.000135473	0	0.00042302	1.30585e-13	0	4.51138e-07	0.000338791	0	0	2.24251e-11	0	2.51124e-07	3.29867e-08	0	0	7.02443e-08	8.94114e-05	3.37313e-06	0	8.28099e-10	0	0	1.57755e-05	0.00034882	0	0	0	0	0	0	0	0.000117414	0	3.32891e-09	0	0	4.11214e-05	1.84709e-06	0	9.24267e-05	0	0.000130225	0	0	0	7.31576e-05	0	4.06934e-05	1.8579e-05	0	1.89787e-17	0	0	1.21354e-05	0	6.17763e-12	0	0	0	0	0	2.72826e-05	0	0	0	0	0	2.39455e-08	0	0	1.83928e-07	0	0	0	0	3.88999e-10	3.3097e-05	1.38189e-05	0	0	0.000140668	0.000189776	3.03721e-05	1.09818e-07	0	0	0.000165706	1.62242e-07	7.94435e-06	0	0	1.55366e-06	0	3.68657e-05	0	0	0	7.53756e-07	3.17314e-07	0	2.42905e-08	0	5.89621e-09	0.000254156	4.52746e-05	0	5.35665e-06	0	1.24527e-16	1.03807e-05	1.16833e-05	0	0	3.70481e-05	3.34164e-05	0	6.37275e-05	0	8.22784e-07	4.92454e-12	0	9.69167e-06	1.62361e-09	4.02732e-07	2.22397e-08	0	0	4.17842e-08	0	4.81327e-11	4.16866e-09	0	1.07087e-07	0	0	0	4.74672e-08	0.00015086	0	0	0	3.9233e-11	0	0	0	0	0	6.33964e-06	0	0	5.44518e-05	0	0	1.91447e-05	7.3251e-09	8.60188e-05	0	1.8369e-05	0	1.76729e-05	0	1.42477e-06	0	0	5.15431e-05	0	0	0	0	0.000150163	0	0	3.85895e-05	0	0	0	0	0	6.73575e-11	1.98462e-06	0	1.09773e-08	0	0	4.84975e-10	0.000423796	0	0.000321417	7.84174e-06	0	3.05227e-05	0	0	0.000170247	0	0	2.31374e-05	0	9.70247e-07	0	0	8.96e-05	0	0	5.3633e-06	0	7.18591e-06	0.000221427	0	0	0	4.59745e-05	9.39913e-05	0	1.7715e-13	0	0	0	0	5.77923e-09	0	9.29606e-06	6.63826e-10	2.11982e-07	0	1.35429e-10	0.000197656	0	0	0	0	5.22048e-05	0	0	0	3.81975e-06	1.61139e-06	0	0.000142305	0	6.6314e-08	3.29151e-05	0	0.000166909	0	0	0.000104419	0	4.00937e-05	1.08662e-08	6.72897e-08	0	0	0	0	0	8.56466e-05	1.7304e-07	0	0	9.38192e-07	8.91882e-05	1.74069e-05	0	0	6.19952e-05	0	0	0	0	1.48253e-10	2.38189e-06	0	0	0	0	0	0	6.04566e-10	2.27483e-18	0	0	8.47157e-06	9.4033e-10	7.21073e-07	0	0	0	2.39752e-05	0	0	0	8.48576e-06	0	0	0	9.18703e-06	0	4.06103e-10	0	0	1.72547e-05	1.37398e-07	0	0	0	0	7.76125e-06	2.79797e-06	0	0	9.89551e-05	4.58212e-15	0	0	0	0	0.000197226	0	0	0.000108132	0.00026906	0	0	0	8.07337e-21	8.59106e-05	7.23012e-05	0	1.0696e-07	0	0	0	0	5.46784e-10	3.04827e-05	0	0.000161386	0	0	5.07845e-05	0	0	0.000158076	0	0	0	6.97556e-05	0	8.24687e-07	0	0	0	0.000107437	7.08103e-08	0.000189743	0	0	8.76416e-06	7.97688e-08	0.000393265	0	0	0	0	0	2.28831e-05	6.58379e-06	0.00020463	0	0	0.000158893	0	7.30945e-07	0	0	1.31207e-05	0	0	0.000108394	0.000217196	0	7.81267e-05	0.000168639	0	0	0	0	0	0.000198361	0	1.06729e-06	0	2.84544e-05	2.90358e-07	0	7.224e-06	0	0	3.5198e-09	0	0.000306771	0	2.20821e-05	0	0.000229511	0	0	0.000201946	1.63819e-08	0	1.24677e-05	0	0	0.000202144	0	0	8.2254e-06	9.89186e-06	0	6.43972e-05	0	0	1.58363e-05	0	0.00034939	0	3.48152e-05	0	0	0	1.2791e-06	0.000124613	0.000287628	0	3.55975e-05	9.7286e-06	0	0	0	0.000158243	0	0.000122542	1.35273e-05	7.16396e-05	1.64741e-10	0	0	0	8.09515e-09	0	8.58017e-08	4.22425e-06	6.99186e-07	0	6.68135e-05	0	3.44743e-05	0	0	2.17856e-07	4.23816e-05	1.55191e-05	5.11735e-09	9.02141e-11	3.25788e-08	0	0	0	8.49437e-05	9.53117e-06	0	0	3.98326e-07	0	0	0	1.91174e-06	3.57102e-05	0.000150808	4.13522e-05	0.000355745	0	4.6677e-08	0.000227217	0.000134656	0	0	0	3.33226e-08	0	0	8.89809e-05	0	0.000259747	0.000154798	0.000142273	0	0	0	0	0	0	0	0	0	0	0	0	0.000171691	0	2.90999e-06	0	8.20659e-05	0	1.6902e-12	4.52896e-11	2.19665e-05	5.16765e-05	0	0	0	0.000103641	0	0.000101156	0.000262043	0	0	0	0	0.000236483	0	5.89138e-06	7.12436e-08	0	0	2.35712e-05	0	0	5.67934e-08	0	8.51569e-15	8.93722e-05	9.55177e-05	0	6.59983e-07	0	6.12695e-06	3.06415e-05	2.72627e-05	4.33715e-07	8.07964e-05	0	0	8.31804e-05	1.98721e-09	8.03575e-06	0.00022357	0	0	0	0.000130616	0	0.000134507	0	0	4.30753e-07	1.64923e-05	0	6.62143e-06	0	3.42211e-05	0	3.44582e-05	8.77632e-05	0	0.000149285	4.05019e-07	0	0	0	2.7432e-09	5.28262e-06	0	0.000664551	0	0	2.5152e-05	0.000326705	0	0	7.76792e-05	0	0	4.1294e-05	0	0	0.000294598	0	9.99618e-09	1.70558e-06	0	0	0	0.00015648	1.79277e-05	0.000133562	0.000134871	0	7.57262e-05	1.12564e-12	0	0	0	0	3.73844e-05	0	0.000206869	0	0	0	7.85844e-05	1.29545e-08	6.32573e-05	0	0	0	0.000539567	6.56697e-06	2.09469e-11	4.64111e-05	6.10415e-05	7.82043e-08	0	3.72219e-05
